question_id,question_text,correct_answer,context_text,keywords,answer_POS,answer_concept_type,difficulty_level,distractor_text,distractor_POS,semantic_similarity_to_answer,semantic_similarity_to_question,grammar_score,plausibility_label,error_type
1,Which of the following is a high-level programming language?,Python,Python is a popular high-level programming language known for its readability.,"Python, programming language, high level",NOUN,programming_language,easy,SQL,NOUN,0.49,0.42,0.98,0,concept mismatch
2,RAM in a computer is also known as what type of memory?,Volatile,RAM is called volatile memory because it loses its data when power is turned off.,"RAM, volatile memory, computer",ADJECTIVE,property,medium,Main,ADJECTIVE,0.8,0.74,0.98,1,
3,CPU stands for what?,Central Processing Unit,"CPU stands for Central Processing Unit, which performs most of the processing inside a computer.","CPU, Central Processing Unit, computer",NOUN_PHRASE,abbreviation_expansion,easy,Central Processor Unit,NOUN_PHRASE,0.62,0.58,0.97,1,
4,The branch of mathematics dealing with shapes and sizes is called what?,Geometry,Geometry is a branch of mathematics that studies the properties of shapes and spaces.,"geometry, shapes, mathematics",NOUN,academic_discipline,medium,Trigonometry,NOUN,0.76,0.71,1,1,
5,Which of the following sorting algorithms has average time complexity O(n log n)?,Merge Sort,Merge Sort is a divide-and-conquer sorting algorithm with O(n log n) average time complexity.,"sorting, merge sort, algorithms",NOUN,algorithm,hard,Heap Sort,NOUN,0.81,0.73,0.99,1,
6,Which of the following is an operating system?,Windows,Operating systems like Windows manage computer hardware and software resources.,"operating system, Windows, software",NOUN,software,easy,Chrome,NOUN,0.44,0.39,0.97,0,too unrelated
7,The SI unit of force is known as what?,Newton,"In physics, the SI unit of force is called the newton, named after Isaac Newton.","SI unit, force, newton",NOUN,unit,medium,Watt,NOUN,0.83,0.76,0.97,1,
8,Who is known as the Father of Computers?,Charles Babbage,Charles Babbage is often called the Father of Computers for his work on early mechanical computing devices.,"Charles Babbage, Father of Computers, history",NOUN,person,medium,John von Neumann,NOUN,0.76,0.72,0.97,1,
9,Which of the following is an operating system?,Windows,Operating systems like Windows manage computer hardware and software resources.,"operating system, Windows, software",NOUN,software,easy,macOS,NOUN,0.63,0.55,0.97,1,
10,Which of the following animals is a reptile?,Snake,"Reptiles are cold-blooded vertebrates such as snakes, lizards, and turtles.","reptile, snake, animal",NOUN,animal,easy,Turtle,NOUN,0.82,0.75,1,1,
11,Which of the following is a prime number?,13,A prime number has exactly two distinct positive divisors: 1 and itself.,"prime number, 13, mathematics",NUM,number,medium,17,NUM,0.65,0.62,0.96,1,
12,Which of the following is a high-level programming language?,Python,Python is a popular high-level programming language known for its readability.,"Python, programming language, high level",NOUN,programming_language,easy,HTML,UNKNOWN,0.41,0.4,0.98,0,too unrelated
13,Earth is also known as the what planet?,Blue,Earth is often called the Blue Planet because of the vast amount of water on its surface.,"Earth, Blue Planet, nickname",ADJECTIVE,planet_nickname,easy,Living,ADJECTIVE,0.69,0.62,0.98,1,
14,Who is known as the Father of Computers?,Charles Babbage,Charles Babbage is often called the Father of Computers for his work on early mechanical computing devices.,"Charles Babbage, Father of Computers, history",NOUN,person,medium,Marie Curie,UNKNOWN,0.22,0.16,0.96,0,numeric error
15,Which of the following is an example of an output device?,Monitor,Output devices such as monitors display information to the user.,"output device, monitor, computer hardware",NOUN,hardware,easy,Printer,NOUN,0.62,0.56,0.97,1,
16,Earth is also known as the what planet?,Blue,Earth is often called the Blue Planet because of the vast amount of water on its surface.,"Earth, Blue Planet, nickname",ADJECTIVE,planet_nickname,easy,Living,ADJECTIVE,0.8,0.76,0.99,1,
17,The process of water turning into vapor is called what?,Evaporation,Evaporation is the process by which water changes from liquid to gas.,"evaporation, water, vapor",NOUN,scientific_process,easy,Boiling,NOUN,0.85,0.82,0.97,1,
18,Which of the following is a high-level programming language?,Python,Python is a popular high-level programming language known for its readability.,"Python, programming language, high level",NOUN,programming_language,easy,C++,NOUN,0.82,0.76,0.97,1,
19,Which of the following is a primary color in light?,Red,"Primary colors in light are typically red, green, and blue.","primary color, light, red",NOUN,color,easy,Blue,NOUN,0.73,0.65,0.97,1,
20,The powerhouse of the cell is known as what?,Mitochondria,"In cell biology, mitochondria are often called the powerhouse of the cell because they generate energy.","cell, powerhouse, mitochondria",NOUN,cell_component,easy,Nucleus,NOUN,0.69,0.63,0.99,1,
21,The language that a computer's CPU directly understands is called what?,Machine language,Machine language consists of binary instructions that the CPU can execute directly.,"machine language, binary, CPU",NOUN_PHRASE,language_type,medium,Binary code,NOUN_PHRASE,0.61,0.59,1,1,
22,Which of the following is used to uniquely identify a row in a database table?,Primary key,A primary key uniquely identifies each record in a database table.,"primary key, database, unique identifier",NOUN_PHRASE,database_concept,medium,Composite key,NOUN_PHRASE,0.68,0.62,1,1,
23,Which of the following is a high-level programming language?,Python,Python is a popular high-level programming language known for its readability.,"Python, programming language, high level",NOUN,programming_language,easy,HTML,NOUN,0.47,0.39,0.99,0,too unrelated
24,Which of the following is an example of an input device?,Keyboard,Input devices like keyboards allow users to send data to a computer.,"input device, keyboard, computer hardware",NOUN,hardware,easy,Microphone,NOUN,0.8,0.75,0.98,1,
25,Which of the following is an example of a mammal?,Dog,Mammals are warm-blooded animals that usually have hair and produce milk for their young.,"mammal, dog, animal",NOUN,animal,easy,Horse,NOUN,0.69,0.65,0.97,1,
26,The language that a computer's CPU directly understands is called what?,Machine language,Machine language consists of binary instructions that the CPU can execute directly.,"machine language, binary, CPU",NOUN_PHRASE,language_type,medium,Assembly language,NOUN_PHRASE,0.67,0.65,0.98,1,
27,Who is known as the Father of Computers?,Charles Babbage,Charles Babbage is often called the Father of Computers for his work on early mechanical computing devices.,"Charles Babbage, Father of Computers, history",NOUN,person,medium,Bill Gates,NOUN,0.7,0.64,0.98,1,
28,Who is known as the Father of the Nation in India?,Mahatma Gandhi,Mahatma Gandhi is widely regarded as the Father of the Nation in India for his role in the independence movement.,"Mahatma Gandhi, Father of the Nation, India",NOUN,person,easy,Leonardo da Vinci,NOUN,0.34,0.29,0.98,0,concept mismatch
29,Which of the following is an example of an input device?,Keyboard,Input devices like keyboards allow users to send data to a computer.,"input device, keyboard, computer hardware",NOUN,hardware,easy,Mouse,NOUN,0.74,0.71,0.99,1,
30,The study of the stars and space is known as what?,Astronomy,"Astronomy is the scientific study of celestial objects such as stars, planets, and galaxies.","astronomy, stars, space",NOUN,academic_discipline,easy,Astrophysics,NOUN,0.76,0.69,0.99,1,
31,The study of the stars and space is known as what?,Astronomy,"Astronomy is the scientific study of celestial objects such as stars, planets, and galaxies.","astronomy, stars, space",NOUN,academic_discipline,easy,Space Science,NOUN,0.8,0.74,0.99,1,
32,CPU is also known as the what of the computer?,Brain,The CPU is often called the brain of the computer because it performs most of the processing.,"CPU, brain, computer",NOUN,metaphor,easy,Keyboard,NOUN,0.4,0.39,0.97,0,concept mismatch
33,CSS is mainly used for what in web development?,Styling web pages,CSS is used to control the appearance and layout of web pages.,"CSS, styling, web design",VERB_PHRASE,technology_usage,easy,Executing programs,VERB_PHRASE,0.49,0.48,0.96,0,numeric error
34,Which of the following is an example of an open-source operating system?,Linux,Linux is a popular open-source operating system used on servers and desktops.,"Linux, open-source, operating system",NOUN,software,easy,Fedora,NOUN,0.81,0.75,1,1,
35,The study of the stars and space is known as what?,Astronomy,"Astronomy is the scientific study of celestial objects such as stars, planets, and galaxies.","astronomy, stars, space",NOUN,academic_discipline,easy,Cosmology,NOUN,0.66,0.6,1,1,
36,Which of the following animals is a reptile?,Snake,"Reptiles are cold-blooded vertebrates such as snakes, lizards, and turtles.","reptile, snake, animal",NOUN,animal,easy,Crocodile,NOUN,0.65,0.61,0.97,1,
37,Which of the following is an example of an output device?,Monitor,Output devices such as monitors display information to the user.,"output device, monitor, computer hardware",NOUN,hardware,easy,Projector,NOUN,0.68,0.62,1,1,
38,The SI unit of force is known as what?,Newton,"In physics, the SI unit of force is called the newton, named after Isaac Newton.","SI unit, force, newton",NOUN,unit,medium,Watt,NOUN,0.71,0.69,0.98,1,
39,Which layer of the OSI model is responsible for routing packets?,Network layer,The network layer is responsible for routing packets between devices in different networks.,"OSI model, network layer, routing",NOUN_PHRASE,networking_layer,hard,Physical layer,UNKNOWN,0.49,0.47,0.97,0,concept mismatch
40,Which of the following is a cloud computing platform by Amazon?,AWS,Amazon Web Services (AWS) is a popular cloud computing platform.,"AWS, cloud computing, Amazon",NOUN,service,medium,Google Cloud,NOUN,0.79,0.71,0.97,1,
41,Who is known as the Father of Computers?,Charles Babbage,Charles Babbage is often called the Father of Computers for his work on early mechanical computing devices.,"Charles Babbage, Father of Computers, history",NOUN,person,medium,Bill Gates,NOUN,0.76,0.72,0.99,1,
42,Which of the following animals is a reptile?,Snake,"Reptiles are cold-blooded vertebrates such as snakes, lizards, and turtles.","reptile, snake, animal",NOUN,animal,easy,Lizard,NOUN,0.68,0.61,1,1,
43,Which of the following is a cloud computing platform by Amazon?,AWS,Amazon Web Services (AWS) is a popular cloud computing platform.,"AWS, cloud computing, Amazon",NOUN,service,medium,IBM Cloud,NOUN,0.71,0.64,0.97,1,
44,CPU stands for what?,Central Processing Unit,"CPU stands for Central Processing Unit, which performs most of the processing inside a computer.","CPU, Central Processing Unit, computer",NOUN_PHRASE,abbreviation_expansion,easy,Central Processor Unit,NOUN_PHRASE,0.73,0.69,0.97,1,
45,Which of the following is a primary color in light?,Red,"Primary colors in light are typically red, green, and blue.","primary color, light, red",NOUN,color,easy,Yellow,NOUN,0.67,0.6,0.98,1,
46,The SI unit of force is known as what?,Newton,"In physics, the SI unit of force is called the newton, named after Isaac Newton.","SI unit, force, newton",NOUN,unit,medium,Watt,NOUN,0.69,0.66,1,1,
47,The process of water turning into vapor is called what?,Evaporation,Evaporation is the process by which water changes from liquid to gas.,"evaporation, water, vapor",NOUN,scientific_process,easy,Melting,NOUN,0.54,0.48,0.97,0,concept mismatch
48,Who is known as the Father of Computers?,Charles Babbage,Charles Babbage is often called the Father of Computers for his work on early mechanical computing devices.,"Charles Babbage, Father of Computers, history",NOUN,person,medium,John von Neumann,NOUN,0.85,0.79,0.99,1,
49,CSS is mainly used for what in web development?,Styling web pages,CSS is used to control the appearance and layout of web pages.,"CSS, styling, web design",VERB_PHRASE,technology_usage,easy,Storing data,VERB_PHRASE,0.31,0.25,0.99,0,too unrelated
50,Which of the following is a prime number?,13,A prime number has exactly two distinct positive divisors: 1 and itself.,"prime number, 13, mathematics",NUM,number,medium,19,NUM,0.82,0.76,0.98,1,
51,HTML is primarily used for what?,Structuring web pages,HTML is a markup language used to structure content on the web.,"HTML, web pages, markup",VERB_PHRASE,technology_usage,easy,Writing backend logic,VERB_PHRASE,0.76,0.69,0.97,1,
52,Which of the following is used to uniquely identify a row in a database table?,Primary key,A primary key uniquely identifies each record in a database table.,"primary key, database, unique identifier",NOUN_PHRASE,database_concept,medium,Candidate key,NOUN_PHRASE,0.7,0.64,0.97,1,
53,What is the capital city of Japan?,Tokyo,Tokyo is the capital city and one of the major economic centers of Japan.,"Japan, capital, Tokyo",NOUN,place,easy,Seoul,NOUN,0.22,0.17,0.98,0,too unrelated
54,Which of the following is a high-level programming language?,Python,Python is a popular high-level programming language known for its readability.,"Python, programming language, high level",NOUN,programming_language,easy,Java,NOUN,0.8,0.76,0.97,1,
55,HTML is primarily used for what?,Structuring web pages,HTML is a markup language used to structure content on the web.,"HTML, web pages, markup",VERB_PHRASE,technology_usage,easy,Managing databases,VERB_PHRASE,0.31,0.28,0.98,0,concept mismatch
56,The device that connects a local network to the internet is called what?,Router,A router forwards data packets between computer networks and connects to the internet.,"router, network, internet",NOUN,hardware,medium,Gateway,NOUN,0.66,0.6,0.98,1,
57,Which of the following is a cloud computing platform by Amazon?,AWS,Amazon Web Services (AWS) is a popular cloud computing platform.,"AWS, cloud computing, Amazon",NOUN,service,medium,IBM Cloud,NOUN,0.82,0.77,0.97,1,
58,The SI unit of force is known as what?,Newton,"In physics, the SI unit of force is called the newton, named after Isaac Newton.","SI unit, force, newton",NOUN,unit,medium,Joule,NOUN,0.64,0.62,0.96,1,
59,The study of living organisms is called what?,Biology,Biology is the branch of science that studies living organisms and life processes.,"biology, living organisms, life science",NOUN,academic_discipline,easy,Botany,NOUN,0.78,0.71,1,1,
60,HTML is primarily used for what?,Structuring web pages,HTML is a markup language used to structure content on the web.,"HTML, web pages, markup",VERB_PHRASE,technology_usage,easy,Styling web pages,VERB_PHRASE,0.66,0.63,1,1,
61,The SI unit of force is known as what?,Newton,"In physics, the SI unit of force is called the newton, named after Isaac Newton.","SI unit, force, newton",NOUN,unit,medium,Meter,NOUN,0.33,0.25,0.98,0,concept mismatch
62,Which of the following is a primary color in light?,Red,"Primary colors in light are typically red, green, and blue.","primary color, light, red",NOUN,color,easy,Blue,NOUN,0.75,0.71,0.98,1,
63,Which of the following sorting algorithms has average time complexity O(n log n)?,Merge Sort,Merge Sort is a divide-and-conquer sorting algorithm with O(n log n) average time complexity.,"sorting, merge sort, algorithms",NOUN,algorithm,hard,Heap Sort,NOUN,0.76,0.74,0.99,1,
64,Which of the following sorting algorithms has average time complexity O(n log n)?,Merge Sort,Merge Sort is a divide-and-conquer sorting algorithm with O(n log n) average time complexity.,"sorting, merge sort, algorithms",NOUN,algorithm,hard,Tim Sort,NOUN,0.82,0.79,0.97,1,
65,Who is known as the Father of the Nation in India?,Mahatma Gandhi,Mahatma Gandhi is widely regarded as the Father of the Nation in India for his role in the independence movement.,"Mahatma Gandhi, Father of the Nation, India",NOUN,person,easy,Jawaharlal Nehru,NOUN,0.81,0.75,0.96,1,
66,Which of the following is a cloud computing platform by Amazon?,AWS,Amazon Web Services (AWS) is a popular cloud computing platform.,"AWS, cloud computing, Amazon",NOUN,service,medium,Google Cloud,NOUN,0.79,0.74,0.98,1,
67,The study of living organisms is called what?,Biology,Biology is the branch of science that studies living organisms and life processes.,"biology, living organisms, life science",NOUN,academic_discipline,easy,Zoology,NOUN,0.71,0.65,0.99,1,
68,CSS is mainly used for what in web development?,Styling web pages,CSS is used to control the appearance and layout of web pages.,"CSS, styling, web design",VERB_PHRASE,technology_usage,easy,Encrypting files,VERB_PHRASE,0.49,0.48,0.98,0,numeric error
69,HTML is primarily used for what?,Structuring web pages,HTML is a markup language used to structure content on the web.,"HTML, web pages, markup",VERB_PHRASE,technology_usage,easy,Designing web layout,VERB_PHRASE,0.76,0.73,1,1,
70,Which of the following is an example of an input device?,Keyboard,Input devices like keyboards allow users to send data to a computer.,"input device, keyboard, computer hardware",NOUN,hardware,easy,Microphone,NOUN,0.79,0.76,0.97,1,
71,HTTP stands for what?,HyperText Transfer Protocol,HTTP is the protocol used for transferring web pages on the internet.,"HTTP, protocol, web",NOUN_PHRASE,abbreviation_expansion,medium,Hyper Tool Transfer Protocol,NOUN_PHRASE,0.48,0.45,0.98,0,numeric error
72,The SI unit of force is known as what?,Newton,"In physics, the SI unit of force is called the newton, named after Isaac Newton.","SI unit, force, newton",NOUN,unit,medium,Pascal,NOUN,0.63,0.56,1,1,
73,Earth is also known as the what planet?,Blue,Earth is often called the Blue Planet because of the vast amount of water on its surface.,"Earth, Blue Planet, nickname",ADJECTIVE,planet_nickname,easy,Red,ADJECTIVE,0.29,0.28,0.99,0,concept mismatch
74,Earth is also known as the what planet?,Blue,Earth is often called the Blue Planet because of the vast amount of water on its surface.,"Earth, Blue Planet, nickname",ADJECTIVE,planet_nickname,easy,Water,ADJECTIVE,0.83,0.75,0.96,1,
75,Who is known as the Father of Computers?,Charles Babbage,Charles Babbage is often called the Father of Computers for his work on early mechanical computing devices.,"Charles Babbage, Father of Computers, history",NOUN,person,medium,Bill Gates,NOUN,0.67,0.64,0.96,1,
76,The long-term storage device inside a computer is commonly known as what?,Hard drive,A hard drive or SSD is used for long-term data storage in a computer.,"hard drive, storage, computer",NOUN,hardware,easy,SSD,NOUN,0.71,0.69,0.97,1,
77,RAM in a computer is also known as what type of memory?,Volatile,RAM is called volatile memory because it loses its data when power is turned off.,"RAM, volatile memory, computer",ADJECTIVE,property,medium,Temporary,ADJECTIVE,0.65,0.59,0.98,1,
78,Which of the following is used to uniquely identify a row in a database table?,Primary key,A primary key uniquely identifies each record in a database table.,"primary key, database, unique identifier",NOUN_PHRASE,database_concept,medium,Unique key,NOUN_PHRASE,0.77,0.7,0.99,1,
79,Which of the following is an operating system?,Windows,Operating systems like Windows manage computer hardware and software resources.,"operating system, Windows, software",NOUN,software,easy,Linux,NOUN,0.84,0.77,1,1,
80,The process by which green plants make their own food is called what?,Photosynthesis,Photosynthesis is the process by which green plants use sunlight to make food from carbon dioxide and water.,"photosynthesis, plants, sunlight",NOUN,scientific_process,easy,Digestion,NOUN,0.23,0.18,0.98,0,concept mismatch
81,What is the largest planet in our solar system?,Jupiter,"Jupiter is the largest planet in our solar system, known for its Great Red Spot.","Jupiter, largest planet, solar system",NOUN,planet,easy,Uranus,NOUN,0.69,0.64,0.97,1,
82,Earth is also known as the what planet?,Blue,Earth is often called the Blue Planet because of the vast amount of water on its surface.,"Earth, Blue Planet, nickname",ADJECTIVE,planet_nickname,easy,Hot,ADJECTIVE,0.2,0.15,0.99,0,too unrelated
83,The study of living organisms is called what?,Biology,Biology is the branch of science that studies living organisms and life processes.,"biology, living organisms, life science",NOUN,academic_discipline,easy,Botany,NOUN,0.71,0.69,0.97,1,
84,What is the freezing point of pure water in degrees Celsius?,0,"Under standard conditions, pure water freezes at 0 degrees Celsius.","freezing point, water, Celsius",NUM,number,easy,5,NUM,0.72,0.7,0.98,1,
85,What is the capital city of Japan?,Tokyo,Tokyo is the capital city and one of the major economic centers of Japan.,"Japan, capital, Tokyo",NOUN,place,easy,Kyoto,NOUN,0.73,0.68,0.98,1,
86,What is the largest planet in our solar system?,Jupiter,"Jupiter is the largest planet in our solar system, known for its Great Red Spot.","Jupiter, largest planet, solar system",NOUN,planet,easy,Earth,NOUN,0.4,0.31,1,0,too unrelated
87,What is the freezing point of pure water in degrees Celsius?,0,"Under standard conditions, pure water freezes at 0 degrees Celsius.","freezing point, water, Celsius",NUM,number,easy,100,UNKNOWN,0.43,0.34,0.99,0,too unrelated
88,Which of the following is a primary color in light?,Red,"Primary colors in light are typically red, green, and blue.","primary color, light, red",NOUN,color,easy,Green,NOUN,0.74,0.7,1,1,
89,What is the largest planet in our solar system?,Jupiter,"Jupiter is the largest planet in our solar system, known for its Great Red Spot.","Jupiter, largest planet, solar system",NOUN,planet,easy,Saturn,NOUN,0.61,0.53,0.98,1,
90,What is the largest planet in our solar system?,Jupiter,"Jupiter is the largest planet in our solar system, known for its Great Red Spot.","Jupiter, largest planet, solar system",NOUN,planet,easy,Neptune,NOUN,0.64,0.59,0.99,1,
91,The branch of mathematics dealing with shapes and sizes is called what?,Geometry,Geometry is a branch of mathematics that studies the properties of shapes and spaces.,"geometry, shapes, mathematics",NOUN,academic_discipline,medium,Trigonometry,NOUN,0.64,0.58,0.97,1,
92,Which of the following is an example of an input device?,Keyboard,Input devices like keyboards allow users to send data to a computer.,"input device, keyboard, computer hardware",NOUN,hardware,easy,Printer,NOUN,0.32,0.3,0.96,0,too unrelated
93,Which of the following is a high-level programming language?,Python,Python is a popular high-level programming language known for its readability.,"Python, programming language, high level",NOUN,programming_language,easy,JavaScript,NOUN,0.73,0.65,0.98,1,
94,Which data structure follows the Last In First Out principle?,Stack,A stack is a linear data structure that follows the Last In First Out (LIFO) principle.,"stack, LIFO, data structure",NOUN,data_structure,medium,Deque,NOUN,0.6,0.58,0.97,1,
95,Which of the following is a high-level programming language?,Python,Python is a popular high-level programming language known for its readability.,"Python, programming language, high level",NOUN,programming_language,easy,HTML,NOUN,0.45,0.37,0.98,0,too unrelated
96,The SI unit of force is known as what?,Newton,"In physics, the SI unit of force is called the newton, named after Isaac Newton.","SI unit, force, newton",NOUN,unit,medium,Joule,NOUN,0.77,0.72,0.99,1,
97,The study of living organisms is called what?,Biology,Biology is the branch of science that studies living organisms and life processes.,"biology, living organisms, life science",NOUN,academic_discipline,easy,Economics,NOUN,0.31,0.28,0.98,0,too unrelated
98,Which of the following is an example of a NoSQL database?,MongoDB,MongoDB is a widely used NoSQL document database.,"MongoDB, NoSQL, database",NOUN,software,medium,Redis,NOUN,0.8,0.73,1,1,
99,The powerhouse of the cell is known as what?,Mitochondria,"In cell biology, mitochondria are often called the powerhouse of the cell because they generate energy.","cell, powerhouse, mitochondria",NOUN,cell_component,easy,Lung,NOUN,0.42,0.33,0.98,0,too unrelated
100,The study of living organisms is called what?,Biology,Biology is the branch of science that studies living organisms and life processes.,"biology, living organisms, life science",NOUN,academic_discipline,easy,Zoology,NOUN,0.65,0.58,0.96,1,
101,Which of the following is a primary color in light?,Red,"Primary colors in light are typically red, green, and blue.","primary color, light, red",NOUN,color,easy,Green,NOUN,0.67,0.61,0.97,1,
102,What is the boiling point of pure water at sea level in degrees Celsius?,100,"At standard atmospheric pressure, pure water boils at 100 degrees Celsius.","boiling point, water, Celsius",NUM,number,easy,105,NUM,0.77,0.73,0.99,1,
103,The powerhouse of the cell is known as what?,Mitochondria,"In cell biology, mitochondria are often called the powerhouse of the cell because they generate energy.","cell, powerhouse, mitochondria",NOUN,cell_component,easy,Heart,NOUN,0.51,0.46,0.98,0,numeric error
104,Which of the following is a cloud computing platform by Amazon?,AWS,Amazon Web Services (AWS) is a popular cloud computing platform.,"AWS, cloud computing, Amazon",NOUN,service,medium,Google Cloud,NOUN,0.72,0.69,0.96,1,
105,Earth is also known as the what planet?,Blue,Earth is often called the Blue Planet because of the vast amount of water on its surface.,"Earth, Blue Planet, nickname",ADJECTIVE,planet_nickname,easy,Water,ADJECTIVE,0.68,0.6,0.99,1,
106,Which layer of the OSI model is responsible for routing packets?,Network layer,The network layer is responsible for routing packets between devices in different networks.,"OSI model, network layer, routing",NOUN_PHRASE,networking_layer,hard,Presentation layer,NOUN_PHRASE,0.33,0.31,0.97,0,too unrelated
107,Which of the following is an example of an open-source operating system?,Linux,Linux is a popular open-source operating system used on servers and desktops.,"Linux, open-source, operating system",NOUN,software,easy,Debian,NOUN,0.72,0.67,0.99,1,
108,Which of the following animals is a reptile?,Snake,"Reptiles are cold-blooded vertebrates such as snakes, lizards, and turtles.","reptile, snake, animal",NOUN,animal,easy,Turtle,NOUN,0.8,0.77,0.97,1,
109,Who is known as the Father of Computers?,Charles Babbage,Charles Babbage is often called the Father of Computers for his work on early mechanical computing devices.,"Charles Babbage, Father of Computers, history",NOUN,person,medium,Alan Turing,NOUN,0.67,0.59,0.98,1,
110,CPU stands for what?,Central Processing Unit,"CPU stands for Central Processing Unit, which performs most of the processing inside a computer.","CPU, Central Processing Unit, computer",NOUN_PHRASE,abbreviation_expansion,easy,Central Processor Unit,NOUN_PHRASE,0.72,0.69,0.98,1,
111,Which of the following is an operating system?,Windows,Operating systems like Windows manage computer hardware and software resources.,"operating system, Windows, software",NOUN,software,easy,Google,NOUN,0.23,0.17,1,0,too unrelated
112,Who is known as the Father of Computers?,Charles Babbage,Charles Babbage is often called the Father of Computers for his work on early mechanical computing devices.,"Charles Babbage, Father of Computers, history",NOUN,person,medium,John von Neumann,NOUN,0.65,0.58,0.96,1,
113,Which of the following is an example of a NoSQL database?,MongoDB,MongoDB is a widely used NoSQL document database.,"MongoDB, NoSQL, database",NOUN,software,medium,CouchDB,NOUN,0.74,0.67,0.97,1,
114,The SI unit of force is known as what?,Newton,"In physics, the SI unit of force is called the newton, named after Isaac Newton.","SI unit, force, newton",NOUN,unit,medium,Pascal,NOUN,0.73,0.69,0.98,1,
115,Which of the following is a cloud computing platform by Amazon?,AWS,Amazon Web Services (AWS) is a popular cloud computing platform.,"AWS, cloud computing, Amazon",NOUN,service,medium,Microsoft Azure,NOUN,0.71,0.67,0.99,1,
116,Which of the following is an example of a mammal?,Dog,Mammals are warm-blooded animals that usually have hair and produce milk for their young.,"mammal, dog, animal",NOUN,animal,easy,Cow,NOUN,0.64,0.61,0.99,1,
117,The study of the stars and space is known as what?,Astronomy,"Astronomy is the scientific study of celestial objects such as stars, planets, and galaxies.","astronomy, stars, space",NOUN,academic_discipline,easy,Cosmology,NOUN,0.7,0.62,0.98,1,
118,Which of the following is used to uniquely identify a row in a database table?,Primary key,A primary key uniquely identifies each record in a database table.,"primary key, database, unique identifier",NOUN_PHRASE,database_concept,medium,Unique key,NOUN_PHRASE,0.64,0.56,0.97,1,
119,What is the capital city of Japan?,Tokyo,Tokyo is the capital city and one of the major economic centers of Japan.,"Japan, capital, Tokyo",NOUN,place,easy,Kyoto,NOUN,0.6,0.54,0.98,1,
120,Which data structure follows the Last In First Out principle?,Stack,A stack is a linear data structure that follows the Last In First Out (LIFO) principle.,"stack, LIFO, data structure",NOUN,data_structure,medium,Loop,NOUN,0.43,0.41,0.99,0,too unrelated
121,Which of the following is an operating system?,Windows,Operating systems like Windows manage computer hardware and software resources.,"operating system, Windows, software",NOUN,software,easy,Linux,NOUN,0.81,0.77,0.96,1,
122,The study of living organisms is called what?,Biology,Biology is the branch of science that studies living organisms and life processes.,"biology, living organisms, life science",NOUN,academic_discipline,easy,Zoology,NOUN,0.73,0.65,0.98,1,
123,CPU is also known as the what of the computer?,Brain,The CPU is often called the brain of the computer because it performs most of the processing.,"CPU, brain, computer",NOUN,metaphor,easy,Heart,NOUN,0.81,0.76,0.98,1,
124,Which of the following is an example of an open-source operating system?,Linux,Linux is a popular open-source operating system used on servers and desktops.,"Linux, open-source, operating system",NOUN,software,easy,Debian,NOUN,0.78,0.73,0.98,1,
125,Which of the following is a primary color in light?,Red,"Primary colors in light are typically red, green, and blue.","primary color, light, red",NOUN,color,easy,White,NOUN,0.36,0.29,0.97,0,numeric error
126,Which of the following animals is a reptile?,Snake,"Reptiles are cold-blooded vertebrates such as snakes, lizards, and turtles.","reptile, snake, animal",NOUN,animal,easy,Crocodile,NOUN,0.63,0.58,0.99,1,
127,The process by which green plants make their own food is called what?,Photosynthesis,Photosynthesis is the process by which green plants use sunlight to make food from carbon dioxide and water.,"photosynthesis, plants, sunlight",NOUN,scientific_process,easy,Germination,NOUN,0.76,0.69,0.99,1,
128,The branch of mathematics dealing with shapes and sizes is called what?,Geometry,Geometry is a branch of mathematics that studies the properties of shapes and spaces.,"geometry, shapes, mathematics",NOUN,academic_discipline,medium,Chemistry,NOUN,0.37,0.35,0.97,0,too unrelated
129,The powerhouse of the cell is known as what?,Mitochondria,"In cell biology, mitochondria are often called the powerhouse of the cell because they generate energy.","cell, powerhouse, mitochondria",NOUN,cell_component,easy,Heart,NOUN,0.35,0.35,0.98,0,numeric error
130,Which of the following is an example of a mammal?,Dog,Mammals are warm-blooded animals that usually have hair and produce milk for their young.,"mammal, dog, animal",NOUN,animal,easy,Frog,NOUN,0.38,0.33,0.99,0,concept mismatch
131,CPU is also known as the what of the computer?,Brain,The CPU is often called the brain of the computer because it performs most of the processing.,"CPU, brain, computer",NOUN,metaphor,easy,Control Center,NOUN,0.71,0.63,1,1,
132,What is the capital city of Japan?,Tokyo,Tokyo is the capital city and one of the major economic centers of Japan.,"Japan, capital, Tokyo",NOUN,place,easy,Kyoto,NOUN,0.76,0.73,0.97,1,
133,The study of living organisms is called what?,Biology,Biology is the branch of science that studies living organisms and life processes.,"biology, living organisms, life science",NOUN,academic_discipline,easy,Geometry,NOUN,0.38,0.29,0.96,0,too unrelated
134,The SI unit of force is known as what?,Newton,"In physics, the SI unit of force is called the newton, named after Isaac Newton.","SI unit, force, newton",NOUN,unit,medium,Watt,NOUN,0.7,0.63,0.98,1,
135,Which of the following is a cloud computing platform by Amazon?,AWS,Amazon Web Services (AWS) is a popular cloud computing platform.,"AWS, cloud computing, Amazon",NOUN,service,medium,Google Cloud,NOUN,0.62,0.56,0.96,1,
136,The SI unit of force is known as what?,Newton,"In physics, the SI unit of force is called the newton, named after Isaac Newton.","SI unit, force, newton",NOUN,unit,medium,Second,UNKNOWN,0.29,0.19,0.96,0,numeric error
137,Which of the following is a high-level programming language?,Python,Python is a popular high-level programming language known for its readability.,"Python, programming language, high level",NOUN,programming_language,easy,C++,NOUN,0.63,0.57,0.97,1,
138,The powerhouse of the cell is known as what?,Mitochondria,"In cell biology, mitochondria are often called the powerhouse of the cell because they generate energy.","cell, powerhouse, mitochondria",NOUN,cell_component,easy,Nucleus,NOUN,0.62,0.55,0.98,1,
139,H2O is commonly known as what?,Water,"In everyday language, the chemical formula H2O is commonly referred to as water.","H2O, water, chemical formula",NOUN,substance,easy,Oxygen,NOUN,0.83,0.8,0.97,1,
140,What is the capital city of Japan?,Tokyo,Tokyo is the capital city and one of the major economic centers of Japan.,"Japan, capital, Tokyo",NOUN,place,easy,Osaka,NOUN,0.67,0.61,0.97,1,
141,What is the boiling point of pure water at sea level in degrees Celsius?,100,"At standard atmospheric pressure, pure water boils at 100 degrees Celsius.","boiling point, water, Celsius",NUM,number,easy,90,NUM,0.81,0.78,0.97,1,
142,Which of the following is a relational database management system?,MySQL,MySQL is a widely used open-source relational database management system.,"MySQL, RDBMS, database",NOUN,software,medium,PostgreSQL,NOUN,0.81,0.74,0.97,1,
143,What is the capital city of Japan?,Tokyo,Tokyo is the capital city and one of the major economic centers of Japan.,"Japan, capital, Tokyo",NOUN,place,easy,Yokohama,NOUN,0.61,0.56,0.99,1,
144,What is the boiling point of pure water at sea level in degrees Celsius?,100,"At standard atmospheric pressure, pure water boils at 100 degrees Celsius.","boiling point, water, Celsius",NUM,number,easy,105,NUM,0.79,0.73,1,1,
145,The SI unit of force is known as what?,Newton,"In physics, the SI unit of force is called the newton, named after Isaac Newton.","SI unit, force, newton",NOUN,unit,medium,Pascal,NOUN,0.65,0.62,1,1,
146,CPU is also known as the what of the computer?,Brain,The CPU is often called the brain of the computer because it performs most of the processing.,"CPU, brain, computer",NOUN,metaphor,easy,Core,NOUN,0.72,0.68,0.98,1,
147,Which data structure follows the Last In First Out principle?,Stack,A stack is a linear data structure that follows the Last In First Out (LIFO) principle.,"stack, LIFO, data structure",NOUN,data_structure,medium,Array,NOUN,0.82,0.75,0.99,1,
148,RAM in a computer is also known as what type of memory?,Volatile,RAM is called volatile memory because it loses its data when power is turned off.,"RAM, volatile memory, computer",ADJECTIVE,property,medium,Temporary,ADJECTIVE,0.85,0.8,0.99,1,
149,Which of the following is a prime number?,13,A prime number has exactly two distinct positive divisors: 1 and itself.,"prime number, 13, mathematics",NUM,number,medium,12,NUM,0.24,0.16,0.96,0,concept mismatch
150,Which of the following sorting algorithms has average time complexity O(n log n)?,Merge Sort,Merge Sort is a divide-and-conquer sorting algorithm with O(n log n) average time complexity.,"sorting, merge sort, algorithms",NOUN,algorithm,hard,Binary Search,UNKNOWN,0.48,0.45,1,0,too unrelated
151,CPU is also known as the what of the computer?,Brain,The CPU is often called the brain of the computer because it performs most of the processing.,"CPU, brain, computer",NOUN,metaphor,easy,Control Center,NOUN,0.68,0.66,0.96,1,
152,Which of the following is a cloud computing platform by Amazon?,AWS,Amazon Web Services (AWS) is a popular cloud computing platform.,"AWS, cloud computing, Amazon",NOUN,service,medium,Microsoft Azure,NOUN,0.73,0.71,0.98,1,
153,Which data structure follows the Last In First Out principle?,Stack,A stack is a linear data structure that follows the Last In First Out (LIFO) principle.,"stack, LIFO, data structure",NOUN,data_structure,medium,Queue,NOUN,0.75,0.72,1,1,
154,Which data structure follows the First In First Out principle?,Queue,A queue is a linear data structure that follows the First In First Out (FIFO) principle.,"queue, FIFO, data structure",NOUN,data_structure,medium,Array Index,NOUN,0.46,0.43,0.99,0,too unrelated
155,What is the freezing point of pure water in degrees Celsius?,0,"Under standard conditions, pure water freezes at 0 degrees Celsius.","freezing point, water, Celsius",NUM,number,easy,-50,UNKNOWN,0.33,0.26,0.97,0,numeric error
156,The study of the stars and space is known as what?,Astronomy,"Astronomy is the scientific study of celestial objects such as stars, planets, and galaxies.","astronomy, stars, space",NOUN,academic_discipline,easy,Astrophysics,NOUN,0.7,0.63,0.98,1,
157,CPU stands for what?,Central Processing Unit,"CPU stands for Central Processing Unit, which performs most of the processing inside a computer.","CPU, Central Processing Unit, computer",NOUN_PHRASE,abbreviation_expansion,easy,Control Power Unit,NOUN_PHRASE,0.52,0.44,0.97,0,too unrelated
158,CPU is also known as the what of the computer?,Brain,The CPU is often called the brain of the computer because it performs most of the processing.,"CPU, brain, computer",NOUN,metaphor,easy,Control Center,NOUN,0.6,0.54,0.97,1,
159,Which data structure follows the First In First Out principle?,Queue,A queue is a linear data structure that follows the First In First Out (FIFO) principle.,"queue, FIFO, data structure",NOUN,data_structure,medium,Deque,NOUN,0.64,0.6,0.97,1,
160,Earth is also known as the what planet?,Blue,Earth is often called the Blue Planet because of the vast amount of water on its surface.,"Earth, Blue Planet, nickname",ADJECTIVE,planet_nickname,easy,Water,ADJECTIVE,0.78,0.75,0.97,1,
161,RAM in a computer is also known as what type of memory?,Volatile,RAM is called volatile memory because it loses its data when power is turned off.,"RAM, volatile memory, computer",ADJECTIVE,property,medium,Main,ADJECTIVE,0.67,0.63,1,1,
162,What is the largest planet in our solar system?,Jupiter,"Jupiter is the largest planet in our solar system, known for its Great Red Spot.","Jupiter, largest planet, solar system",NOUN,planet,easy,Neptune,NOUN,0.77,0.73,0.99,1,
163,Earth is also known as the what planet?,Blue,Earth is often called the Blue Planet because of the vast amount of water on its surface.,"Earth, Blue Planet, nickname",ADJECTIVE,planet_nickname,easy,Water,ADJECTIVE,0.83,0.8,0.99,1,
164,Who is known as the Father of the Nation in India?,Mahatma Gandhi,Mahatma Gandhi is widely regarded as the Father of the Nation in India for his role in the independence movement.,"Mahatma Gandhi, Father of the Nation, India",NOUN,person,easy,William Shakespeare,NOUN,0.23,0.22,0.98,0,concept mismatch
165,The device that connects a local network to the internet is called what?,Router,A router forwards data packets between computer networks and connects to the internet.,"router, network, internet",NOUN,hardware,medium,Modem,NOUN,0.65,0.61,0.96,1,
166,Which of the following animals is a reptile?,Snake,"Reptiles are cold-blooded vertebrates such as snakes, lizards, and turtles.","reptile, snake, animal",NOUN,animal,easy,Cow,NOUN,0.49,0.44,0.99,0,numeric error
167,Which of the following is an example of an output device?,Monitor,Output devices such as monitors display information to the user.,"output device, monitor, computer hardware",NOUN,hardware,easy,Printer,NOUN,0.66,0.61,0.97,1,
168,Which of the following is a high-level programming language?,Python,Python is a popular high-level programming language known for its readability.,"Python, programming language, high level",NOUN,programming_language,easy,SQL,NOUN,0.26,0.2,0.99,0,concept mismatch
169,The study of the stars and space is known as what?,Astronomy,"Astronomy is the scientific study of celestial objects such as stars, planets, and galaxies.","astronomy, stars, space",NOUN,academic_discipline,easy,Space Science,NOUN,0.77,0.75,0.96,1,
170,Which of the following is a web browser?,Google Chrome,Web browsers like Google Chrome allow users to access and view websites.,"web browser, Chrome, internet",NOUN,software,easy,Microsoft Edge,NOUN,0.81,0.75,1,1,
171,HTTP stands for what?,HyperText Transfer Protocol,HTTP is the protocol used for transferring web pages on the internet.,"HTTP, protocol, web",NOUN_PHRASE,abbreviation_expansion,medium,High Text Transfer Process,NOUN_PHRASE,0.34,0.25,1,0,too unrelated
172,Who is known as the Father of Computers?,Charles Babbage,Charles Babbage is often called the Father of Computers for his work on early mechanical computing devices.,"Charles Babbage, Father of Computers, history",NOUN,person,medium,John von Neumann,NOUN,0.74,0.67,1,1,
173,HTTP stands for what?,HyperText Transfer Protocol,HTTP is the protocol used for transferring web pages on the internet.,"HTTP, protocol, web",NOUN_PHRASE,abbreviation_expansion,medium,HyperText Transmission Protocol,NOUN_PHRASE,0.79,0.75,0.98,1,
174,Earth is also known as the what planet?,Blue,Earth is often called the Blue Planet because of the vast amount of water on its surface.,"Earth, Blue Planet, nickname",ADJECTIVE,planet_nickname,easy,Home,ADJECTIVE,0.76,0.72,0.97,1,
175,The branch of mathematics dealing with shapes and sizes is called what?,Geometry,Geometry is a branch of mathematics that studies the properties of shapes and spaces.,"geometry, shapes, mathematics",NOUN,academic_discipline,medium,History,NOUN,0.31,0.22,0.97,0,too unrelated
176,Earth is also known as the what planet?,Blue,Earth is often called the Blue Planet because of the vast amount of water on its surface.,"Earth, Blue Planet, nickname",ADJECTIVE,planet_nickname,easy,Living,ADJECTIVE,0.82,0.8,1,1,
177,Which of the following is an example of an open-source operating system?,Linux,Linux is a popular open-source operating system used on servers and desktops.,"Linux, open-source, operating system",NOUN,software,easy,Ubuntu,NOUN,0.68,0.61,0.96,1,
178,The study of the stars and space is known as what?,Astronomy,"Astronomy is the scientific study of celestial objects such as stars, planets, and galaxies.","astronomy, stars, space",NOUN,academic_discipline,easy,Space Science,NOUN,0.68,0.64,1,1,
179,Which of the following is a relational database management system?,MySQL,MySQL is a widely used open-source relational database management system.,"MySQL, RDBMS, database",NOUN,software,medium,SQLite,NOUN,0.82,0.77,0.99,1,
180,Which of the following is a prime number?,13,A prime number has exactly two distinct positive divisors: 1 and itself.,"prime number, 13, mathematics",NUM,number,medium,12,NUM,0.34,0.26,0.98,0,concept mismatch
181,Which of the following is an example of an input device?,Keyboard,Input devices like keyboards allow users to send data to a computer.,"input device, keyboard, computer hardware",NOUN,hardware,easy,Mouse,NOUN,0.7,0.64,0.99,1,
182,Which of the following is a primary color in light?,Red,"Primary colors in light are typically red, green, and blue.","primary color, light, red",NOUN,color,easy,Yellow,NOUN,0.65,0.58,0.98,1,
183,The long-term storage device inside a computer is commonly known as what?,Hard drive,A hard drive or SSD is used for long-term data storage in a computer.,"hard drive, storage, computer",NOUN,hardware,easy,RAM,UNKNOWN,0.39,0.32,0.99,0,numeric error
184,The study of the stars and space is known as what?,Astronomy,"Astronomy is the scientific study of celestial objects such as stars, planets, and galaxies.","astronomy, stars, space",NOUN,academic_discipline,easy,Astrophysics,NOUN,0.69,0.65,1,1,
185,Which of the following is a high-level programming language?,Python,Python is a popular high-level programming language known for its readability.,"Python, programming language, high level",NOUN,programming_language,easy,JavaScript,NOUN,0.65,0.61,0.98,1,
186,RAM in a computer is also known as what type of memory?,Volatile,RAM is called volatile memory because it loses its data when power is turned off.,"RAM, volatile memory, computer",ADJECTIVE,property,medium,Main,ADJECTIVE,0.69,0.62,0.96,1,
187,Which of the following is an example of an operating system for mobile phones?,Android,Android is a widely used operating system for smartphones and tablets.,"Android, mobile OS, operating system",NOUN,software,easy,Windows Phone,NOUN,0.83,0.78,0.98,1,
188,The study of living organisms is called what?,Biology,Biology is the branch of science that studies living organisms and life processes.,"biology, living organisms, life science",NOUN,academic_discipline,easy,Ecology,NOUN,0.73,0.67,0.99,1,
189,The powerhouse of the cell is known as what?,Mitochondria,"In cell biology, mitochondria are often called the powerhouse of the cell because they generate energy.","cell, powerhouse, mitochondria",NOUN,cell_component,easy,Nucleus,NOUN,0.7,0.66,0.97,1,
190,CPU stands for what?,Central Processing Unit,"CPU stands for Central Processing Unit, which performs most of the processing inside a computer.","CPU, Central Processing Unit, computer",NOUN_PHRASE,abbreviation_expansion,easy,Control Power Unit,NOUN_PHRASE,0.3,0.21,0.96,0,concept mismatch
191,Which data structure follows the Last In First Out principle?,Stack,A stack is a linear data structure that follows the Last In First Out (LIFO) principle.,"stack, LIFO, data structure",NOUN,data_structure,medium,Queue,NOUN,0.72,0.65,0.96,1,
192,The device that connects a local network to the internet is called what?,Router,A router forwards data packets between computer networks and connects to the internet.,"router, network, internet",NOUN,hardware,medium,Modem,NOUN,0.77,0.74,0.96,1,
193,Which layer of the OSI model is responsible for routing packets?,Network layer,The network layer is responsible for routing packets between devices in different networks.,"OSI model, network layer, routing",NOUN_PHRASE,networking_layer,hard,Session layer,NOUN_PHRASE,0.64,0.57,1,1,
194,Which data structure follows the First In First Out principle?,Queue,A queue is a linear data structure that follows the First In First Out (FIFO) principle.,"queue, FIFO, data structure",NOUN,data_structure,medium,Linked List,NOUN,0.63,0.6,0.96,1,
195,CPU stands for what?,Central Processing Unit,"CPU stands for Central Processing Unit, which performs most of the processing inside a computer.","CPU, Central Processing Unit, computer",NOUN_PHRASE,abbreviation_expansion,easy,Core Processing Unit,NOUN_PHRASE,0.69,0.66,0.97,1,
196,The SI unit of force is known as what?,Newton,"In physics, the SI unit of force is called the newton, named after Isaac Newton.","SI unit, force, newton",NOUN,unit,medium,Pascal,NOUN,0.83,0.79,0.96,1,
197,Which of the following is an example of an input device?,Keyboard,Input devices like keyboards allow users to send data to a computer.,"input device, keyboard, computer hardware",NOUN,hardware,easy,Mouse,NOUN,0.71,0.64,0.97,1,
198,The study of living organisms is called what?,Biology,Biology is the branch of science that studies living organisms and life processes.,"biology, living organisms, life science",NOUN,academic_discipline,easy,Botany,NOUN,0.82,0.74,0.98,1,
199,CPU stands for what?,Central Processing Unit,"CPU stands for Central Processing Unit, which performs most of the processing inside a computer.","CPU, Central Processing Unit, computer",NOUN_PHRASE,abbreviation_expansion,easy,Central Performance Unit,NOUN_PHRASE,0.74,0.7,0.97,1,
200,The powerhouse of the cell is known as what?,Mitochondria,"In cell biology, mitochondria are often called the powerhouse of the cell because they generate energy.","cell, powerhouse, mitochondria",NOUN,cell_component,easy,Brain,NOUN,0.27,0.23,0.99,0,too unrelated
201,RAM in a computer is also known as what type of memory?,Volatile,RAM is called volatile memory because it loses its data when power is turned off.,"RAM, volatile memory, computer",ADJECTIVE,property,medium,Optical,ADJECTIVE,0.52,0.42,0.99,0,concept mismatch
202,Which of the following is an example of an output device?,Monitor,Output devices such as monitors display information to the user.,"output device, monitor, computer hardware",NOUN,hardware,easy,Printer,NOUN,0.75,0.71,0.97,1,
203,Which of the following is a web browser?,Google Chrome,Web browsers like Google Chrome allow users to access and view websites.,"web browser, Chrome, internet",NOUN,software,easy,Mozilla Firefox,NOUN,0.66,0.61,0.98,1,
204,The branch of mathematics dealing with shapes and sizes is called what?,Geometry,Geometry is a branch of mathematics that studies the properties of shapes and spaces.,"geometry, shapes, mathematics",NOUN,academic_discipline,medium,Algebra,NOUN,0.75,0.71,0.97,1,
205,HTTP stands for what?,HyperText Transfer Protocol,HTTP is the protocol used for transferring web pages on the internet.,"HTTP, protocol, web",NOUN_PHRASE,abbreviation_expansion,medium,Hyper Terminal Transport Protocol,NOUN_PHRASE,0.43,0.39,0.98,0,too unrelated
206,HTML is primarily used for what?,Structuring web pages,HTML is a markup language used to structure content on the web.,"HTML, web pages, markup",VERB_PHRASE,technology_usage,easy,Compiling code,VERB_PHRASE,0.39,0.34,0.98,0,concept mismatch
207,Which of the following is a primary color in light?,Red,"Primary colors in light are typically red, green, and blue.","primary color, light, red",NOUN,color,easy,Blue,NOUN,0.73,0.7,0.98,1,
208,Which of the following sorting algorithms has average time complexity O(n log n)?,Merge Sort,Merge Sort is a divide-and-conquer sorting algorithm with O(n log n) average time complexity.,"sorting, merge sort, algorithms",NOUN,algorithm,hard,Heap Sort,NOUN,0.8,0.73,1,1,
209,Which of the following is a web browser?,Google Chrome,Web browsers like Google Chrome allow users to access and view websites.,"web browser, Chrome, internet",NOUN,software,easy,Mozilla Firefox,NOUN,0.73,0.67,0.99,1,
210,Which of the following is an operating system?,Windows,Operating systems like Windows manage computer hardware and software resources.,"operating system, Windows, software",NOUN,software,easy,Google,UNKNOWN,0.24,0.23,0.98,0,too unrelated
211,The SI unit of force is known as what?,Newton,"In physics, the SI unit of force is called the newton, named after Isaac Newton.","SI unit, force, newton",NOUN,unit,medium,Kelvin,UNKNOWN,0.41,0.38,1,0,too unrelated
212,Which of the following is an operating system?,Windows,Operating systems like Windows manage computer hardware and software resources.,"operating system, Windows, software",NOUN,software,easy,Android,NOUN,0.62,0.55,0.97,1,
213,What is the capital city of Japan?,Tokyo,Tokyo is the capital city and one of the major economic centers of Japan.,"Japan, capital, Tokyo",NOUN,place,easy,Osaka,NOUN,0.75,0.71,0.96,1,
214,HTTP stands for what?,HyperText Transfer Protocol,HTTP is the protocol used for transferring web pages on the internet.,"HTTP, protocol, web",NOUN_PHRASE,abbreviation_expansion,medium,Hyper Terminal Transport Protocol,UNKNOWN,0.41,0.31,0.98,0,concept mismatch
215,CPU stands for what?,Central Processing Unit,"CPU stands for Central Processing Unit, which performs most of the processing inside a computer.","CPU, Central Processing Unit, computer",NOUN_PHRASE,abbreviation_expansion,easy,Central Performance Unit,NOUN_PHRASE,0.77,0.73,0.99,1,
216,Which of the following is an example of a mammal?,Dog,Mammals are warm-blooded animals that usually have hair and produce milk for their young.,"mammal, dog, animal",NOUN,animal,easy,Horse,NOUN,0.84,0.82,0.97,1,
217,The language that a computer's CPU directly understands is called what?,Machine language,Machine language consists of binary instructions that the CPU can execute directly.,"machine language, binary, CPU",NOUN_PHRASE,language_type,medium,Assembly language,NOUN_PHRASE,0.68,0.61,0.98,1,
218,Which layer of the OSI model is responsible for routing packets?,Network layer,The network layer is responsible for routing packets between devices in different networks.,"OSI model, network layer, routing",NOUN_PHRASE,networking_layer,hard,Session layer,NOUN_PHRASE,0.78,0.71,0.97,1,
219,Which of the following is a high-level programming language?,Python,Python is a popular high-level programming language known for its readability.,"Python, programming language, high level",NOUN,programming_language,easy,Java,NOUN,0.62,0.55,0.97,1,
220,What is the freezing point of pure water in degrees Celsius?,0,"Under standard conditions, pure water freezes at 0 degrees Celsius.","freezing point, water, Celsius",NUM,number,easy,10,NUM,0.71,0.63,0.98,1,
221,Which of the following animals is a reptile?,Snake,"Reptiles are cold-blooded vertebrates such as snakes, lizards, and turtles.","reptile, snake, animal",NOUN,animal,easy,Turtle,NOUN,0.65,0.62,0.98,1,
222,Which data structure follows the Last In First Out principle?,Stack,A stack is a linear data structure that follows the Last In First Out (LIFO) principle.,"stack, LIFO, data structure",NOUN,data_structure,medium,Deque,NOUN,0.75,0.69,0.98,1,
223,Which of the following is an example of an input device?,Keyboard,Input devices like keyboards allow users to send data to a computer.,"input device, keyboard, computer hardware",NOUN,hardware,easy,Microphone,NOUN,0.76,0.72,0.98,1,
224,Which of the following is a cloud computing platform by Amazon?,AWS,Amazon Web Services (AWS) is a popular cloud computing platform.,"AWS, cloud computing, Amazon",NOUN,service,medium,Docker,NOUN,0.3,0.25,1,0,too unrelated
225,What is the boiling point of pure water at sea level in degrees Celsius?,100,"At standard atmospheric pressure, pure water boils at 100 degrees Celsius.","boiling point, water, Celsius",NUM,number,easy,50,NUM,0.24,0.16,0.96,0,concept mismatch
226,Which of the following is an example of an open-source operating system?,Linux,Linux is a popular open-source operating system used on servers and desktops.,"Linux, open-source, operating system",NOUN,software,easy,macOS,NOUN,0.54,0.53,0.97,0,concept mismatch
227,What is the boiling point of pure water at sea level in degrees Celsius?,100,"At standard atmospheric pressure, pure water boils at 100 degrees Celsius.","boiling point, water, Celsius",NUM,number,easy,90,NUM,0.74,0.71,0.96,1,
228,Which data structure follows the Last In First Out principle?,Stack,A stack is a linear data structure that follows the Last In First Out (LIFO) principle.,"stack, LIFO, data structure",NOUN,data_structure,medium,Queue,NOUN,0.61,0.55,0.99,1,
229,Which of the following is an example of an output device?,Monitor,Output devices such as monitors display information to the user.,"output device, monitor, computer hardware",NOUN,hardware,easy,Keyboard,NOUN,0.4,0.34,1,0,numeric error
230,Which of the following is a relational database management system?,MySQL,MySQL is a widely used open-source relational database management system.,"MySQL, RDBMS, database",NOUN,software,medium,Oracle Database,NOUN,0.63,0.59,1,1,
231,Which data structure follows the Last In First Out principle?,Stack,A stack is a linear data structure that follows the Last In First Out (LIFO) principle.,"stack, LIFO, data structure",NOUN,data_structure,medium,Condition,NOUN,0.28,0.25,0.96,0,too unrelated
232,The process of water turning into vapor is called what?,Evaporation,Evaporation is the process by which water changes from liquid to gas.,"evaporation, water, vapor",NOUN,scientific_process,easy,Sublimation,NOUN,0.83,0.77,0.98,1,
233,Which of the following is a web browser?,Google Chrome,Web browsers like Google Chrome allow users to access and view websites.,"web browser, Chrome, internet",NOUN,software,easy,Windows,NOUN,0.42,0.42,0.97,0,numeric error
234,Which data structure follows the First In First Out principle?,Queue,A queue is a linear data structure that follows the First In First Out (FIFO) principle.,"queue, FIFO, data structure",NOUN,data_structure,medium,Pointer,NOUN,0.46,0.4,1,0,too unrelated
235,The process by which green plants make their own food is called what?,Photosynthesis,Photosynthesis is the process by which green plants use sunlight to make food from carbon dioxide and water.,"photosynthesis, plants, sunlight",NOUN,scientific_process,easy,Respiration,NOUN,0.75,0.7,0.99,1,
236,HTML is primarily used for what?,Structuring web pages,HTML is a markup language used to structure content on the web.,"HTML, web pages, markup",VERB_PHRASE,technology_usage,easy,Writing backend logic,VERB_PHRASE,0.61,0.56,0.98,1,
237,CPU stands for what?,Central Processing Unit,"CPU stands for Central Processing Unit, which performs most of the processing inside a computer.","CPU, Central Processing Unit, computer",NOUN_PHRASE,abbreviation_expansion,easy,Central Performance Unit,NOUN_PHRASE,0.77,0.7,0.99,1,
238,Earth is also known as the what planet?,Blue,Earth is often called the Blue Planet because of the vast amount of water on its surface.,"Earth, Blue Planet, nickname",ADJECTIVE,planet_nickname,easy,Home,ADJECTIVE,0.75,0.71,0.97,1,
239,CPU is also known as the what of the computer?,Brain,The CPU is often called the brain of the computer because it performs most of the processing.,"CPU, brain, computer",NOUN,metaphor,easy,Core,NOUN,0.76,0.71,1,1,
240,RAM in a computer is also known as what type of memory?,Volatile,RAM is called volatile memory because it loses its data when power is turned off.,"RAM, volatile memory, computer",ADJECTIVE,property,medium,Main,ADJECTIVE,0.76,0.69,1,1,
241,HTML is primarily used for what?,Structuring web pages,HTML is a markup language used to structure content on the web.,"HTML, web pages, markup",VERB_PHRASE,technology_usage,easy,Running operating systems,VERB_PHRASE,0.43,0.36,0.96,0,numeric error
242,The study of living organisms is called what?,Biology,Biology is the branch of science that studies living organisms and life processes.,"biology, living organisms, life science",NOUN,academic_discipline,easy,Geometry,NOUN,0.31,0.25,0.98,0,numeric error
243,The SI unit of force is known as what?,Newton,"In physics, the SI unit of force is called the newton, named after Isaac Newton.","SI unit, force, newton",NOUN,unit,medium,Watt,NOUN,0.6,0.56,0.98,1,
244,What is the freezing point of pure water in degrees Celsius?,0,"Under standard conditions, pure water freezes at 0 degrees Celsius.","freezing point, water, Celsius",NUM,number,easy,100,NUM,0.26,0.25,0.99,0,numeric error
245,The powerhouse of the cell is known as what?,Mitochondria,"In cell biology, mitochondria are often called the powerhouse of the cell because they generate energy.","cell, powerhouse, mitochondria",NOUN,cell_component,easy,Nucleus,NOUN,0.66,0.59,0.98,1,
246,Which of the following is an example of an output device?,Monitor,Output devices such as monitors display information to the user.,"output device, monitor, computer hardware",NOUN,hardware,easy,Printer,NOUN,0.77,0.73,0.98,1,
247,The SI unit of force is known as what?,Newton,"In physics, the SI unit of force is called the newton, named after Isaac Newton.","SI unit, force, newton",NOUN,unit,medium,Watt,NOUN,0.7,0.67,0.98,1,
248,H2O is commonly known as what?,Water,"In everyday language, the chemical formula H2O is commonly referred to as water.","H2O, water, chemical formula",NOUN,substance,easy,Paper,NOUN,0.43,0.34,0.99,0,too unrelated
249,What is the boiling point of pure water at sea level in degrees Celsius?,100,"At standard atmospheric pressure, pure water boils at 100 degrees Celsius.","boiling point, water, Celsius",NUM,number,easy,95,NUM,0.8,0.78,0.97,1,
250,Which of the following is a high-level programming language?,Python,Python is a popular high-level programming language known for its readability.,"Python, programming language, high level",NOUN,programming_language,easy,JavaScript,NOUN,0.69,0.66,0.98,1,
251,Which of the following is a high-level programming language?,Python,Python is a popular high-level programming language known for its readability.,"Python, programming language, high level",NOUN,programming_language,easy,JavaScript,NOUN,0.83,0.77,0.97,1,
252,Which of the following is an example of an open-source operating system?,Linux,Linux is a popular open-source operating system used on servers and desktops.,"Linux, open-source, operating system",NOUN,software,easy,macOS,NOUN,0.39,0.3,0.98,0,too unrelated
253,What is the freezing point of pure water in degrees Celsius?,0,"Under standard conditions, pure water freezes at 0 degrees Celsius.","freezing point, water, Celsius",NUM,number,easy,5,NUM,0.63,0.56,0.98,1,
254,HTML is primarily used for what?,Structuring web pages,HTML is a markup language used to structure content on the web.,"HTML, web pages, markup",VERB_PHRASE,technology_usage,easy,Designing web layout,VERB_PHRASE,0.73,0.69,0.99,1,
255,The study of living organisms is called what?,Biology,Biology is the branch of science that studies living organisms and life processes.,"biology, living organisms, life science",NOUN,academic_discipline,easy,Zoology,NOUN,0.64,0.61,0.98,1,
256,RAM in a computer is also known as what type of memory?,Volatile,RAM is called volatile memory because it loses its data when power is turned off.,"RAM, volatile memory, computer",ADJECTIVE,property,medium,Temporary,ADJECTIVE,0.69,0.66,0.99,1,
257,Which of the following is a web browser?,Google Chrome,Web browsers like Google Chrome allow users to access and view websites.,"web browser, Chrome, internet",NOUN,software,easy,Safari,NOUN,0.65,0.58,0.97,1,
258,Which layer of the OSI model is responsible for routing packets?,Network layer,The network layer is responsible for routing packets between devices in different networks.,"OSI model, network layer, routing",NOUN_PHRASE,networking_layer,hard,Session layer,NOUN_PHRASE,0.75,0.71,0.98,1,
259,Which of the following is a cloud computing platform by Amazon?,AWS,Amazon Web Services (AWS) is a popular cloud computing platform.,"AWS, cloud computing, Amazon",NOUN,service,medium,Microsoft Azure,NOUN,0.66,0.61,0.97,1,
260,What is the capital city of Japan?,Tokyo,Tokyo is the capital city and one of the major economic centers of Japan.,"Japan, capital, Tokyo",NOUN,place,easy,Beijing,NOUN,0.4,0.38,0.99,0,concept mismatch
261,The powerhouse of the cell is known as what?,Mitochondria,"In cell biology, mitochondria are often called the powerhouse of the cell because they generate energy.","cell, powerhouse, mitochondria",NOUN,cell_component,easy,Nucleus,NOUN,0.75,0.73,0.97,1,
262,Which of the following is an example of an output device?,Monitor,Output devices such as monitors display information to the user.,"output device, monitor, computer hardware",NOUN,hardware,easy,Projector,NOUN,0.68,0.64,0.99,1,
263,CSS is mainly used for what in web development?,Styling web pages,CSS is used to control the appearance and layout of web pages.,"CSS, styling, web design",VERB_PHRASE,technology_usage,easy,Structuring web pages,VERB_PHRASE,0.83,0.79,0.99,1,
264,CSS is mainly used for what in web development?,Styling web pages,CSS is used to control the appearance and layout of web pages.,"CSS, styling, web design",VERB_PHRASE,technology_usage,easy,Structuring web pages,VERB_PHRASE,0.73,0.7,0.98,1,
265,Which of the following is a high-level programming language?,Python,Python is a popular high-level programming language known for its readability.,"Python, programming language, high level",NOUN,programming_language,easy,Java,NOUN,0.79,0.73,0.96,1,
266,RAM in a computer is also known as what type of memory?,Volatile,RAM is called volatile memory because it loses its data when power is turned off.,"RAM, volatile memory, computer",ADJECTIVE,property,medium,External,ADJECTIVE,0.52,0.51,0.96,0,too unrelated
267,Which of the following is a cloud computing platform by Amazon?,AWS,Amazon Web Services (AWS) is a popular cloud computing platform.,"AWS, cloud computing, Amazon",NOUN,service,medium,Kubernetes,NOUN,0.49,0.48,0.97,0,numeric error
268,Which of the following is an example of a mammal?,Dog,Mammals are warm-blooded animals that usually have hair and produce milk for their young.,"mammal, dog, animal",NOUN,animal,easy,Horse,NOUN,0.68,0.64,0.98,1,
269,Which of the following is an example of an operating system for mobile phones?,Android,Android is a widely used operating system for smartphones and tablets.,"Android, mobile OS, operating system",NOUN,software,easy,iOS,NOUN,0.77,0.75,0.98,1,
270,Who is known as the Father of the Nation in India?,Mahatma Gandhi,Mahatma Gandhi is widely regarded as the Father of the Nation in India for his role in the independence movement.,"Mahatma Gandhi, Father of the Nation, India",NOUN,person,easy,Leonardo da Vinci,NOUN,0.53,0.47,0.97,0,too unrelated
271,Earth is also known as the what planet?,Blue,Earth is often called the Blue Planet because of the vast amount of water on its surface.,"Earth, Blue Planet, nickname",ADJECTIVE,planet_nickname,easy,Living,ADJECTIVE,0.75,0.71,0.97,1,
272,HTTP stands for what?,HyperText Transfer Protocol,HTTP is the protocol used for transferring web pages on the internet.,"HTTP, protocol, web",NOUN_PHRASE,abbreviation_expansion,medium,Hyperlink Transfer Protocol,NOUN_PHRASE,0.75,0.7,0.96,1,
273,HTTP stands for what?,HyperText Transfer Protocol,HTTP is the protocol used for transferring web pages on the internet.,"HTTP, protocol, web",NOUN_PHRASE,abbreviation_expansion,medium,HyperText Transmission Protocol,NOUN_PHRASE,0.68,0.61,1,1,
274,HTTP stands for what?,HyperText Transfer Protocol,HTTP is the protocol used for transferring web pages on the internet.,"HTTP, protocol, web",NOUN_PHRASE,abbreviation_expansion,medium,Hyperlink Transfer Protocol,NOUN_PHRASE,0.67,0.6,0.99,1,
275,The device that connects a local network to the internet is called what?,Router,A router forwards data packets between computer networks and connects to the internet.,"router, network, internet",NOUN,hardware,medium,Switch,NOUN,0.75,0.71,0.99,1,
276,RAM in a computer is also known as what type of memory?,Volatile,RAM is called volatile memory because it loses its data when power is turned off.,"RAM, volatile memory, computer",ADJECTIVE,property,medium,Main,ADJECTIVE,0.8,0.75,0.99,1,
277,RAM in a computer is also known as what type of memory?,Volatile,RAM is called volatile memory because it loses its data when power is turned off.,"RAM, volatile memory, computer",ADJECTIVE,property,medium,Permanent,ADJECTIVE,0.52,0.49,0.97,0,concept mismatch
278,Which of the following is an example of an input device?,Keyboard,Input devices like keyboards allow users to send data to a computer.,"input device, keyboard, computer hardware",NOUN,hardware,easy,Scanner,NOUN,0.78,0.7,0.97,1,
279,The process by which green plants make their own food is called what?,Photosynthesis,Photosynthesis is the process by which green plants use sunlight to make food from carbon dioxide and water.,"photosynthesis, plants, sunlight",NOUN,scientific_process,easy,Germination,NOUN,0.81,0.77,1,1,
280,Which of the following is a cloud computing platform by Amazon?,AWS,Amazon Web Services (AWS) is a popular cloud computing platform.,"AWS, cloud computing, Amazon",NOUN,service,medium,IBM Cloud,NOUN,0.73,0.69,0.97,1,
281,Which of the following is an example of an open-source operating system?,Linux,Linux is a popular open-source operating system used on servers and desktops.,"Linux, open-source, operating system",NOUN,software,easy,Windows,NOUN,0.34,0.3,0.97,0,concept mismatch
282,Which of the following is used to uniquely identify a row in a database table?,Primary key,A primary key uniquely identifies each record in a database table.,"primary key, database, unique identifier",NOUN_PHRASE,database_concept,medium,Composite key,NOUN_PHRASE,0.64,0.58,0.96,1,
283,Which of the following is an example of an open-source operating system?,Linux,Linux is a popular open-source operating system used on servers and desktops.,"Linux, open-source, operating system",NOUN,software,easy,Windows,UNKNOWN,0.32,0.26,0.97,0,too unrelated
284,The process of water turning into vapor is called what?,Evaporation,Evaporation is the process by which water changes from liquid to gas.,"evaporation, water, vapor",NOUN,scientific_process,easy,Rusting,UNKNOWN,0.4,0.33,1,0,concept mismatch
285,Which of the following is a prime number?,13,A prime number has exactly two distinct positive divisors: 1 and itself.,"prime number, 13, mathematics",NUM,number,medium,19,NUM,0.68,0.64,0.98,1,
286,H2O is commonly known as what?,Water,"In everyday language, the chemical formula H2O is commonly referred to as water.","H2O, water, chemical formula",NOUN,substance,easy,Hydrogen,NOUN,0.83,0.75,0.97,1,
287,Which of the following is an example of an input device?,Keyboard,Input devices like keyboards allow users to send data to a computer.,"input device, keyboard, computer hardware",NOUN,hardware,easy,Microphone,NOUN,0.7,0.66,0.99,1,
288,Who is known as the Father of the Nation in India?,Mahatma Gandhi,Mahatma Gandhi is widely regarded as the Father of the Nation in India for his role in the independence movement.,"Mahatma Gandhi, Father of the Nation, India",NOUN,person,easy,Albert Einstein,NOUN,0.22,0.14,0.97,0,numeric error
289,The device that connects a local network to the internet is called what?,Router,A router forwards data packets between computer networks and connects to the internet.,"router, network, internet",NOUN,hardware,medium,Gateway,NOUN,0.69,0.65,0.99,1,
290,CPU is also known as the what of the computer?,Brain,The CPU is often called the brain of the computer because it performs most of the processing.,"CPU, brain, computer",NOUN,metaphor,easy,Heart,NOUN,0.76,0.74,0.98,1,
291,Which of the following is a cloud computing platform by Amazon?,AWS,Amazon Web Services (AWS) is a popular cloud computing platform.,"AWS, cloud computing, Amazon",NOUN,service,medium,Google Cloud,NOUN,0.77,0.69,0.99,1,
292,The study of the stars and space is known as what?,Astronomy,"Astronomy is the scientific study of celestial objects such as stars, planets, and galaxies.","astronomy, stars, space",NOUN,academic_discipline,easy,Space Science,NOUN,0.78,0.75,0.99,1,
293,What is the capital city of Japan?,Tokyo,Tokyo is the capital city and one of the major economic centers of Japan.,"Japan, capital, Tokyo",NOUN,place,easy,Yokohama,NOUN,0.81,0.77,1,1,
294,Which of the following is an example of a NoSQL database?,MongoDB,MongoDB is a widely used NoSQL document database.,"MongoDB, NoSQL, database",NOUN,software,medium,MySQL,NOUN,0.46,0.43,0.98,0,concept mismatch
295,What is the capital city of Japan?,Tokyo,Tokyo is the capital city and one of the major economic centers of Japan.,"Japan, capital, Tokyo",NOUN,place,easy,Seoul,NOUN,0.38,0.34,0.97,0,too unrelated
296,The device that connects a local network to the internet is called what?,Router,A router forwards data packets between computer networks and connects to the internet.,"router, network, internet",NOUN,hardware,medium,Monitor,NOUN,0.27,0.18,0.99,0,numeric error
297,CPU is also known as the what of the computer?,Brain,The CPU is often called the brain of the computer because it performs most of the processing.,"CPU, brain, computer",NOUN,metaphor,easy,Control Center,NOUN,0.68,0.63,0.98,1,
298,The SI unit of force is known as what?,Newton,"In physics, the SI unit of force is called the newton, named after Isaac Newton.","SI unit, force, newton",NOUN,unit,medium,Meter,NOUN,0.24,0.2,0.99,0,numeric error
299,Which of the following sorting algorithms has average time complexity O(n log n)?,Merge Sort,Merge Sort is a divide-and-conquer sorting algorithm with O(n log n) average time complexity.,"sorting, merge sort, algorithms",NOUN,algorithm,hard,Quick Sort,NOUN,0.84,0.77,0.97,1,
300,The process of water turning into vapor is called what?,Evaporation,Evaporation is the process by which water changes from liquid to gas.,"evaporation, water, vapor",NOUN,scientific_process,easy,Boiling,NOUN,0.65,0.6,0.97,1,
301,H2O is commonly known as what?,Water,"In everyday language, the chemical formula H2O is commonly referred to as water.","H2O, water, chemical formula",NOUN,substance,easy,Oxygen,NOUN,0.83,0.8,0.97,1,
302,The process of water turning into vapor is called what?,Evaporation,Evaporation is the process by which water changes from liquid to gas.,"evaporation, water, vapor",NOUN,scientific_process,easy,Sublimation,NOUN,0.78,0.71,0.99,1,
303,Which of the following is a relational database management system?,MySQL,MySQL is a widely used open-source relational database management system.,"MySQL, RDBMS, database",NOUN,software,medium,PostgreSQL,NOUN,0.74,0.68,0.97,1,
304,The long-term storage device inside a computer is commonly known as what?,Hard drive,A hard drive or SSD is used for long-term data storage in a computer.,"hard drive, storage, computer",NOUN,hardware,easy,RAM,NOUN,0.52,0.46,0.98,0,too unrelated
305,Which of the following is a high-level programming language?,Python,Python is a popular high-level programming language known for its readability.,"Python, programming language, high level",NOUN,programming_language,easy,JavaScript,NOUN,0.82,0.75,0.98,1,
306,HTTP stands for what?,HyperText Transfer Protocol,HTTP is the protocol used for transferring web pages on the internet.,"HTTP, protocol, web",NOUN_PHRASE,abbreviation_expansion,medium,HyperText Transmission Protocol,NOUN_PHRASE,0.6,0.57,0.97,1,
307,The SI unit of force is known as what?,Newton,"In physics, the SI unit of force is called the newton, named after Isaac Newton.","SI unit, force, newton",NOUN,unit,medium,Joule,NOUN,0.73,0.69,0.96,1,
308,Which of the following is a cloud computing platform by Amazon?,AWS,Amazon Web Services (AWS) is a popular cloud computing platform.,"AWS, cloud computing, Amazon",NOUN,service,medium,Microsoft Azure,NOUN,0.63,0.56,0.98,1,
309,HTML is primarily used for what?,Structuring web pages,HTML is a markup language used to structure content on the web.,"HTML, web pages, markup",VERB_PHRASE,technology_usage,easy,Designing web layout,VERB_PHRASE,0.63,0.57,1,1,
310,What is the freezing point of pure water in degrees Celsius?,0,"Under standard conditions, pure water freezes at 0 degrees Celsius.","freezing point, water, Celsius",NUM,number,easy,10,NUM,0.66,0.6,0.99,1,
311,Which of the following is a web browser?,Google Chrome,Web browsers like Google Chrome allow users to access and view websites.,"web browser, Chrome, internet",NOUN,software,easy,Safari,NOUN,0.75,0.72,0.98,1,
312,The process by which green plants make their own food is called what?,Photosynthesis,Photosynthesis is the process by which green plants use sunlight to make food from carbon dioxide and water.,"photosynthesis, plants, sunlight",NOUN,scientific_process,easy,Condensation,NOUN,0.38,0.3,0.97,0,too unrelated
313,The study of living organisms is called what?,Biology,Biology is the branch of science that studies living organisms and life processes.,"biology, living organisms, life science",NOUN,academic_discipline,easy,Ecology,NOUN,0.76,0.71,0.99,1,
314,CSS is mainly used for what in web development?,Styling web pages,CSS is used to control the appearance and layout of web pages.,"CSS, styling, web design",VERB_PHRASE,technology_usage,easy,Executing programs,UNKNOWN,0.49,0.44,0.99,0,numeric error
315,Who is known as the Father of the Nation in India?,Mahatma Gandhi,Mahatma Gandhi is widely regarded as the Father of the Nation in India for his role in the independence movement.,"Mahatma Gandhi, Father of the Nation, India",NOUN,person,easy,Subhas Chandra Bose,NOUN,0.62,0.59,0.98,1,
316,Who is known as the Father of the Nation in India?,Mahatma Gandhi,Mahatma Gandhi is widely regarded as the Father of the Nation in India for his role in the independence movement.,"Mahatma Gandhi, Father of the Nation, India",NOUN,person,easy,Sardar Patel,NOUN,0.63,0.57,0.96,1,
317,The powerhouse of the cell is known as what?,Mitochondria,"In cell biology, mitochondria are often called the powerhouse of the cell because they generate energy.","cell, powerhouse, mitochondria",NOUN,cell_component,easy,Lung,NOUN,0.45,0.37,0.98,0,concept mismatch
318,H2O is commonly known as what?,Water,"In everyday language, the chemical formula H2O is commonly referred to as water.","H2O, water, chemical formula",NOUN,substance,easy,Ice,NOUN,0.61,0.54,0.98,1,
319,Which data structure follows the First In First Out principle?,Queue,A queue is a linear data structure that follows the First In First Out (FIFO) principle.,"queue, FIFO, data structure",NOUN,data_structure,medium,Pointer,NOUN,0.23,0.15,1,0,concept mismatch
320,The SI unit of force is known as what?,Newton,"In physics, the SI unit of force is called the newton, named after Isaac Newton.","SI unit, force, newton",NOUN,unit,medium,Joule,NOUN,0.76,0.69,1,1,
321,CSS is mainly used for what in web development?,Styling web pages,CSS is used to control the appearance and layout of web pages.,"CSS, styling, web design",VERB_PHRASE,technology_usage,easy,Structuring web pages,VERB_PHRASE,0.73,0.66,1,1,
322,The branch of mathematics dealing with shapes and sizes is called what?,Geometry,Geometry is a branch of mathematics that studies the properties of shapes and spaces.,"geometry, shapes, mathematics",NOUN,academic_discipline,medium,History,UNKNOWN,0.45,0.45,0.99,0,numeric error
323,The study of living organisms is called what?,Biology,Biology is the branch of science that studies living organisms and life processes.,"biology, living organisms, life science",NOUN,academic_discipline,easy,Zoology,NOUN,0.7,0.67,0.99,1,
324,Who is known as the Father of Computers?,Charles Babbage,Charles Babbage is often called the Father of Computers for his work on early mechanical computing devices.,"Charles Babbage, Father of Computers, history",NOUN,person,medium,John von Neumann,NOUN,0.64,0.6,0.99,1,
325,The study of living organisms is called what?,Biology,Biology is the branch of science that studies living organisms and life processes.,"biology, living organisms, life science",NOUN,academic_discipline,easy,Botany,NOUN,0.8,0.74,0.97,1,
326,The branch of mathematics dealing with shapes and sizes is called what?,Geometry,Geometry is a branch of mathematics that studies the properties of shapes and spaces.,"geometry, shapes, mathematics",NOUN,academic_discipline,medium,History,NOUN,0.41,0.38,0.99,0,too unrelated
327,Which of the following animals is a reptile?,Snake,"Reptiles are cold-blooded vertebrates such as snakes, lizards, and turtles.","reptile, snake, animal",NOUN,animal,easy,Cow,NOUN,0.2,0.13,0.98,0,too unrelated
328,Who is known as the Father of Computers?,Charles Babbage,Charles Babbage is often called the Father of Computers for his work on early mechanical computing devices.,"Charles Babbage, Father of Computers, history",NOUN,person,medium,John von Neumann,NOUN,0.68,0.65,0.98,1,
329,The powerhouse of the cell is known as what?,Mitochondria,"In cell biology, mitochondria are often called the powerhouse of the cell because they generate energy.","cell, powerhouse, mitochondria",NOUN,cell_component,easy,Chloroplast,NOUN,0.75,0.69,0.96,1,
330,Which of the following is an example of a mammal?,Dog,Mammals are warm-blooded animals that usually have hair and produce milk for their young.,"mammal, dog, animal",NOUN,animal,easy,Cow,NOUN,0.81,0.73,0.97,1,
331,Who is known as the Father of Computers?,Charles Babbage,Charles Babbage is often called the Father of Computers for his work on early mechanical computing devices.,"Charles Babbage, Father of Computers, history",NOUN,person,medium,Bill Gates,NOUN,0.62,0.58,0.99,1,
332,Who is known as the Father of Computers?,Charles Babbage,Charles Babbage is often called the Father of Computers for his work on early mechanical computing devices.,"Charles Babbage, Father of Computers, history",NOUN,person,medium,John von Neumann,NOUN,0.77,0.75,0.97,1,
333,The study of living organisms is called what?,Biology,Biology is the branch of science that studies living organisms and life processes.,"biology, living organisms, life science",NOUN,academic_discipline,easy,Grammar,NOUN,0.32,0.31,1,0,concept mismatch
334,Which of the following is a relational database management system?,MySQL,MySQL is a widely used open-source relational database management system.,"MySQL, RDBMS, database",NOUN,software,medium,MongoDB,NOUN,0.32,0.27,0.97,0,numeric error
335,The device that connects a local network to the internet is called what?,Router,A router forwards data packets between computer networks and connects to the internet.,"router, network, internet",NOUN,hardware,medium,Gateway,NOUN,0.79,0.73,1,1,
336,The powerhouse of the cell is known as what?,Mitochondria,"In cell biology, mitochondria are often called the powerhouse of the cell because they generate energy.","cell, powerhouse, mitochondria",NOUN,cell_component,easy,Lung,NOUN,0.47,0.45,0.98,0,numeric error
337,Which of the following is an example of an operating system for mobile phones?,Android,Android is a widely used operating system for smartphones and tablets.,"Android, mobile OS, operating system",NOUN,software,easy,HarmonyOS,NOUN,0.82,0.79,1,1,
338,What is the freezing point of pure water in degrees Celsius?,0,"Under standard conditions, pure water freezes at 0 degrees Celsius.","freezing point, water, Celsius",NUM,number,easy,10,NUM,0.71,0.68,0.98,1,
339,The branch of mathematics dealing with shapes and sizes is called what?,Geometry,Geometry is a branch of mathematics that studies the properties of shapes and spaces.,"geometry, shapes, mathematics",NOUN,academic_discipline,medium,Trigonometry,NOUN,0.66,0.63,1,1,
340,Which of the following is an example of a mammal?,Dog,Mammals are warm-blooded animals that usually have hair and produce milk for their young.,"mammal, dog, animal",NOUN,animal,easy,Cow,NOUN,0.69,0.63,0.97,1,
341,The long-term storage device inside a computer is commonly known as what?,Hard drive,A hard drive or SSD is used for long-term data storage in a computer.,"hard drive, storage, computer",NOUN,hardware,easy,SSD,NOUN,0.81,0.74,0.98,1,
342,Which of the following is an operating system?,Windows,Operating systems like Windows manage computer hardware and software resources.,"operating system, Windows, software",NOUN,software,easy,Facebook,UNKNOWN,0.48,0.4,1,0,concept mismatch
343,Which layer of the OSI model is responsible for routing packets?,Network layer,The network layer is responsible for routing packets between devices in different networks.,"OSI model, network layer, routing",NOUN_PHRASE,networking_layer,hard,Transport layer,NOUN_PHRASE,0.76,0.73,0.99,1,
344,CSS is mainly used for what in web development?,Styling web pages,CSS is used to control the appearance and layout of web pages.,"CSS, styling, web design",VERB_PHRASE,technology_usage,easy,Structuring web pages,VERB_PHRASE,0.65,0.59,0.99,1,
345,Which of the following sorting algorithms has average time complexity O(n log n)?,Merge Sort,Merge Sort is a divide-and-conquer sorting algorithm with O(n log n) average time complexity.,"sorting, merge sort, algorithms",NOUN,algorithm,hard,Heap Sort,NOUN,0.84,0.8,0.99,1,
346,CPU stands for what?,Central Processing Unit,"CPU stands for Central Processing Unit, which performs most of the processing inside a computer.","CPU, Central Processing Unit, computer",NOUN_PHRASE,abbreviation_expansion,easy,Central Performance Unit,NOUN_PHRASE,0.79,0.76,0.97,1,
347,The powerhouse of the cell is known as what?,Mitochondria,"In cell biology, mitochondria are often called the powerhouse of the cell because they generate energy.","cell, powerhouse, mitochondria",NOUN,cell_component,easy,Lung,NOUN,0.55,0.5,0.99,0,too unrelated
348,Which of the following sorting algorithms has average time complexity O(n log n)?,Merge Sort,Merge Sort is a divide-and-conquer sorting algorithm with O(n log n) average time complexity.,"sorting, merge sort, algorithms",NOUN,algorithm,hard,Heap Sort,NOUN,0.8,0.73,1,1,
349,The study of living organisms is called what?,Biology,Biology is the branch of science that studies living organisms and life processes.,"biology, living organisms, life science",NOUN,academic_discipline,easy,Economics,UNKNOWN,0.42,0.34,1,0,concept mismatch
350,The powerhouse of the cell is known as what?,Mitochondria,"In cell biology, mitochondria are often called the powerhouse of the cell because they generate energy.","cell, powerhouse, mitochondria",NOUN,cell_component,easy,Chloroplast,NOUN,0.84,0.8,0.96,1,
351,Which of the following animals is a reptile?,Snake,"Reptiles are cold-blooded vertebrates such as snakes, lizards, and turtles.","reptile, snake, animal",NOUN,animal,easy,Cow,NOUN,0.36,0.33,0.99,0,numeric error
352,Which of the following is used to uniquely identify a row in a database table?,Primary key,A primary key uniquely identifies each record in a database table.,"primary key, database, unique identifier",NOUN_PHRASE,database_concept,medium,Index,NOUN_PHRASE,0.34,0.32,0.97,0,numeric error
353,The language that a computer's CPU directly understands is called what?,Machine language,Machine language consists of binary instructions that the CPU can execute directly.,"machine language, binary, CPU",NOUN_PHRASE,language_type,medium,Low-level language,NOUN_PHRASE,0.64,0.59,0.98,1,
354,The device that connects a local network to the internet is called what?,Router,A router forwards data packets between computer networks and connects to the internet.,"router, network, internet",NOUN,hardware,medium,Printer,NOUN,0.28,0.27,1,0,numeric error
355,Which of the following is a cloud computing platform by Amazon?,AWS,Amazon Web Services (AWS) is a popular cloud computing platform.,"AWS, cloud computing, Amazon",NOUN,service,medium,Google Cloud,NOUN,0.72,0.66,0.98,1,
356,Which of the following is a cloud computing platform by Amazon?,AWS,Amazon Web Services (AWS) is a popular cloud computing platform.,"AWS, cloud computing, Amazon",NOUN,service,medium,Google Cloud,NOUN,0.66,0.64,0.98,1,
357,Which of the following is a relational database management system?,MySQL,MySQL is a widely used open-source relational database management system.,"MySQL, RDBMS, database",NOUN,software,medium,Redis,NOUN,0.32,0.28,0.97,0,numeric error
358,Which of the following is an example of an open-source operating system?,Linux,Linux is a popular open-source operating system used on servers and desktops.,"Linux, open-source, operating system",NOUN,software,easy,Debian,NOUN,0.78,0.71,0.99,1,
359,Which of the following is an example of an input device?,Keyboard,Input devices like keyboards allow users to send data to a computer.,"input device, keyboard, computer hardware",NOUN,hardware,easy,Mouse,NOUN,0.85,0.83,1,1,
360,Which of the following animals is a reptile?,Snake,"Reptiles are cold-blooded vertebrates such as snakes, lizards, and turtles.","reptile, snake, animal",NOUN,animal,easy,Turtle,NOUN,0.6,0.53,0.98,1,
361,Which layer of the OSI model is responsible for routing packets?,Network layer,The network layer is responsible for routing packets between devices in different networks.,"OSI model, network layer, routing",NOUN_PHRASE,networking_layer,hard,Transport layer,NOUN_PHRASE,0.83,0.81,0.97,1,
362,RAM in a computer is also known as what type of memory?,Volatile,RAM is called volatile memory because it loses its data when power is turned off.,"RAM, volatile memory, computer",ADJECTIVE,property,medium,External,ADJECTIVE,0.36,0.27,0.98,0,concept mismatch
363,CPU stands for what?,Central Processing Unit,"CPU stands for Central Processing Unit, which performs most of the processing inside a computer.","CPU, Central Processing Unit, computer",NOUN_PHRASE,abbreviation_expansion,easy,Core Power Utility,UNKNOWN,0.31,0.26,0.97,0,concept mismatch
364,Which of the following is an example of an operating system for mobile phones?,Android,Android is a widely used operating system for smartphones and tablets.,"Android, mobile OS, operating system",NOUN,software,easy,iOS,NOUN,0.72,0.69,0.99,1,
365,Which of the following is an operating system?,Windows,Operating systems like Windows manage computer hardware and software resources.,"operating system, Windows, software",NOUN,software,easy,Android,NOUN,0.82,0.78,0.96,1,
366,HTTP stands for what?,HyperText Transfer Protocol,HTTP is the protocol used for transferring web pages on the internet.,"HTTP, protocol, web",NOUN_PHRASE,abbreviation_expansion,medium,Hyper Transfer Text Protocol,NOUN_PHRASE,0.61,0.55,0.99,1,
367,The long-term storage device inside a computer is commonly known as what?,Hard drive,A hard drive or SSD is used for long-term data storage in a computer.,"hard drive, storage, computer",NOUN,hardware,easy,GPU,UNKNOWN,0.29,0.2,0.96,0,too unrelated
368,Which of the following is a web browser?,Google Chrome,Web browsers like Google Chrome allow users to access and view websites.,"web browser, Chrome, internet",NOUN,software,easy,Microsoft Edge,NOUN,0.71,0.63,0.99,1,
369,CPU stands for what?,Central Processing Unit,"CPU stands for Central Processing Unit, which performs most of the processing inside a computer.","CPU, Central Processing Unit, computer",NOUN_PHRASE,abbreviation_expansion,easy,Control Power Unit,NOUN_PHRASE,0.38,0.32,0.97,0,numeric error
370,What is the freezing point of pure water in degrees Celsius?,0,"Under standard conditions, pure water freezes at 0 degrees Celsius.","freezing point, water, Celsius",NUM,number,easy,-50,NUM,0.34,0.26,1,0,numeric error
371,Which data structure follows the First In First Out principle?,Queue,A queue is a linear data structure that follows the First In First Out (FIFO) principle.,"queue, FIFO, data structure",NOUN,data_structure,medium,Deque,NOUN,0.81,0.74,0.98,1,
372,The long-term storage device inside a computer is commonly known as what?,Hard drive,A hard drive or SSD is used for long-term data storage in a computer.,"hard drive, storage, computer",NOUN,hardware,easy,Solid-state drive,NOUN,0.69,0.63,0.98,1,
373,Which of the following is an example of an operating system for mobile phones?,Android,Android is a widely used operating system for smartphones and tablets.,"Android, mobile OS, operating system",NOUN,software,easy,iOS,NOUN,0.7,0.64,0.97,1,
374,H2O is commonly known as what?,Water,"In everyday language, the chemical formula H2O is commonly referred to as water.","H2O, water, chemical formula",NOUN,substance,easy,Paper,UNKNOWN,0.35,0.35,0.99,0,numeric error
375,The process by which green plants make their own food is called what?,Photosynthesis,Photosynthesis is the process by which green plants use sunlight to make food from carbon dioxide and water.,"photosynthesis, plants, sunlight",NOUN,scientific_process,easy,Germination,NOUN,0.67,0.63,1,1,
376,Which of the following sorting algorithms has average time complexity O(n log n)?,Merge Sort,Merge Sort is a divide-and-conquer sorting algorithm with O(n log n) average time complexity.,"sorting, merge sort, algorithms",NOUN,algorithm,hard,Hashing,NOUN,0.53,0.45,0.97,0,numeric error
377,The study of living organisms is called what?,Biology,Biology is the branch of science that studies living organisms and life processes.,"biology, living organisms, life science",NOUN,academic_discipline,easy,Botany,NOUN,0.62,0.54,0.98,1,
378,What is the capital city of Japan?,Tokyo,Tokyo is the capital city and one of the major economic centers of Japan.,"Japan, capital, Tokyo",NOUN,place,easy,Yokohama,NOUN,0.8,0.78,0.96,1,
379,Which of the following sorting algorithms has average time complexity O(n log n)?,Merge Sort,Merge Sort is a divide-and-conquer sorting algorithm with O(n log n) average time complexity.,"sorting, merge sort, algorithms",NOUN,algorithm,hard,Binary Search,UNKNOWN,0.26,0.17,0.99,0,concept mismatch
380,What is the capital city of Japan?,Tokyo,Tokyo is the capital city and one of the major economic centers of Japan.,"Japan, capital, Tokyo",NOUN,place,easy,Bangkok,NOUN,0.48,0.4,0.97,0,numeric error
381,The process of water turning into vapor is called what?,Evaporation,Evaporation is the process by which water changes from liquid to gas.,"evaporation, water, vapor",NOUN,scientific_process,easy,Condensation,NOUN,0.69,0.65,0.99,1,
382,The study of the stars and space is known as what?,Astronomy,"Astronomy is the scientific study of celestial objects such as stars, planets, and galaxies.","astronomy, stars, space",NOUN,academic_discipline,easy,Astrophysics,NOUN,0.62,0.59,0.97,1,
383,CPU is also known as the what of the computer?,Brain,The CPU is often called the brain of the computer because it performs most of the processing.,"CPU, brain, computer",NOUN,metaphor,easy,Core,NOUN,0.75,0.72,0.98,1,
384,The branch of mathematics dealing with shapes and sizes is called what?,Geometry,Geometry is a branch of mathematics that studies the properties of shapes and spaces.,"geometry, shapes, mathematics",NOUN,academic_discipline,medium,Biology,NOUN,0.32,0.29,0.97,0,concept mismatch
385,Which of the following sorting algorithms has average time complexity O(n log n)?,Merge Sort,Merge Sort is a divide-and-conquer sorting algorithm with O(n log n) average time complexity.,"sorting, merge sort, algorithms",NOUN,algorithm,hard,Tim Sort,NOUN,0.66,0.62,0.97,1,
386,What is the capital city of Japan?,Tokyo,Tokyo is the capital city and one of the major economic centers of Japan.,"Japan, capital, Tokyo",NOUN,place,easy,Bangkok,NOUN,0.38,0.31,1,0,concept mismatch
387,Earth is also known as the what planet?,Blue,Earth is often called the Blue Planet because of the vast amount of water on its surface.,"Earth, Blue Planet, nickname",ADJECTIVE,planet_nickname,easy,Hot,ADJECTIVE,0.34,0.33,0.98,0,numeric error
388,Who is known as the Father of the Nation in India?,Mahatma Gandhi,Mahatma Gandhi is widely regarded as the Father of the Nation in India for his role in the independence movement.,"Mahatma Gandhi, Father of the Nation, India",NOUN,person,easy,Leonardo da Vinci,UNKNOWN,0.46,0.37,0.99,0,too unrelated
389,Which of the following is an example of an open-source operating system?,Linux,Linux is a popular open-source operating system used on servers and desktops.,"Linux, open-source, operating system",NOUN,software,easy,Fedora,NOUN,0.71,0.63,0.98,1,
390,Which of the following is a prime number?,13,A prime number has exactly two distinct positive divisors: 1 and itself.,"prime number, 13, mathematics",NUM,number,medium,12,NUM,0.49,0.45,0.99,0,too unrelated
391,Which of the following sorting algorithms has average time complexity O(n log n)?,Merge Sort,Merge Sort is a divide-and-conquer sorting algorithm with O(n log n) average time complexity.,"sorting, merge sort, algorithms",NOUN,algorithm,hard,Quick Sort,NOUN,0.77,0.69,0.97,1,
392,Which of the following is a high-level programming language?,Python,Python is a popular high-level programming language known for its readability.,"Python, programming language, high level",NOUN,programming_language,easy,Java,NOUN,0.76,0.71,0.96,1,
393,The process by which green plants make their own food is called what?,Photosynthesis,Photosynthesis is the process by which green plants use sunlight to make food from carbon dioxide and water.,"photosynthesis, plants, sunlight",NOUN,scientific_process,easy,Respiration,NOUN,0.79,0.74,0.98,1,
394,CPU is also known as the what of the computer?,Brain,The CPU is often called the brain of the computer because it performs most of the processing.,"CPU, brain, computer",NOUN,metaphor,easy,Screen,NOUN,0.35,0.29,0.99,0,concept mismatch
395,Who is known as the Father of Computers?,Charles Babbage,Charles Babbage is often called the Father of Computers for his work on early mechanical computing devices.,"Charles Babbage, Father of Computers, history",NOUN,person,medium,Alan Turing,NOUN,0.66,0.63,0.99,1,
396,What is the capital city of Japan?,Tokyo,Tokyo is the capital city and one of the major economic centers of Japan.,"Japan, capital, Tokyo",NOUN,place,easy,Osaka,NOUN,0.82,0.75,0.97,1,
397,Which layer of the OSI model is responsible for routing packets?,Network layer,The network layer is responsible for routing packets between devices in different networks.,"OSI model, network layer, routing",NOUN_PHRASE,networking_layer,hard,Transport layer,NOUN_PHRASE,0.76,0.68,0.98,1,
398,Which of the following is an operating system?,Windows,Operating systems like Windows manage computer hardware and software resources.,"operating system, Windows, software",NOUN,software,easy,Facebook,NOUN,0.43,0.43,0.98,0,concept mismatch
399,The study of living organisms is called what?,Biology,Biology is the branch of science that studies living organisms and life processes.,"biology, living organisms, life science",NOUN,academic_discipline,easy,Botany,NOUN,0.84,0.76,1,1,
400,Earth is also known as the what planet?,Blue,Earth is often called the Blue Planet because of the vast amount of water on its surface.,"Earth, Blue Planet, nickname",ADJECTIVE,planet_nickname,easy,Living,ADJECTIVE,0.69,0.65,0.96,1,
401,The device that connects a local network to the internet is called what?,Router,A router forwards data packets between computer networks and connects to the internet.,"router, network, internet",NOUN,hardware,medium,Switch,NOUN,0.8,0.74,0.96,1,
402,Which of the following is a cloud computing platform by Amazon?,AWS,Amazon Web Services (AWS) is a popular cloud computing platform.,"AWS, cloud computing, Amazon",NOUN,service,medium,Kubernetes,NOUN,0.29,0.21,0.96,0,numeric error
403,Which of the following is a prime number?,13,A prime number has exactly two distinct positive divisors: 1 and itself.,"prime number, 13, mathematics",NUM,number,medium,19,NUM,0.62,0.59,0.98,1,
404,Which of the following is an example of an output device?,Monitor,Output devices such as monitors display information to the user.,"output device, monitor, computer hardware",NOUN,hardware,easy,Speaker,NOUN,0.83,0.77,0.96,1,
405,Which of the following is an example of an open-source operating system?,Linux,Linux is a popular open-source operating system used on servers and desktops.,"Linux, open-source, operating system",NOUN,software,easy,Debian,NOUN,0.81,0.76,0.97,1,
406,The process of water turning into vapor is called what?,Evaporation,Evaporation is the process by which water changes from liquid to gas.,"evaporation, water, vapor",NOUN,scientific_process,easy,Freezing,NOUN,0.28,0.24,0.97,0,too unrelated
407,Which of the following is a cloud computing platform by Amazon?,AWS,Amazon Web Services (AWS) is a popular cloud computing platform.,"AWS, cloud computing, Amazon",NOUN,service,medium,Google Cloud,NOUN,0.84,0.79,0.98,1,
408,Which of the following is a prime number?,13,A prime number has exactly two distinct positive divisors: 1 and itself.,"prime number, 13, mathematics",NUM,number,medium,17,NUM,0.83,0.76,0.98,1,
409,The powerhouse of the cell is known as what?,Mitochondria,"In cell biology, mitochondria are often called the powerhouse of the cell because they generate energy.","cell, powerhouse, mitochondria",NOUN,cell_component,easy,Nucleus,NOUN,0.65,0.6,0.96,1,
410,HTML is primarily used for what?,Structuring web pages,HTML is a markup language used to structure content on the web.,"HTML, web pages, markup",VERB_PHRASE,technology_usage,easy,Managing databases,VERB_PHRASE,0.3,0.29,0.97,0,concept mismatch
411,Which of the following is an example of an operating system for mobile phones?,Android,Android is a widely used operating system for smartphones and tablets.,"Android, mobile OS, operating system",NOUN,software,easy,iOS,NOUN,0.7,0.66,0.99,1,
412,The powerhouse of the cell is known as what?,Mitochondria,"In cell biology, mitochondria are often called the powerhouse of the cell because they generate energy.","cell, powerhouse, mitochondria",NOUN,cell_component,easy,Nucleus,NOUN,0.71,0.64,0.97,1,
413,HTML is primarily used for what?,Structuring web pages,HTML is a markup language used to structure content on the web.,"HTML, web pages, markup",VERB_PHRASE,technology_usage,easy,Designing web layout,VERB_PHRASE,0.78,0.76,0.99,1,
414,Which data structure follows the Last In First Out principle?,Stack,A stack is a linear data structure that follows the Last In First Out (LIFO) principle.,"stack, LIFO, data structure",NOUN,data_structure,medium,Condition,UNKNOWN,0.39,0.31,0.99,0,too unrelated
415,Which of the following is a high-level programming language?,Python,Python is a popular high-level programming language known for its readability.,"Python, programming language, high level",NOUN,programming_language,easy,C++,NOUN,0.67,0.63,0.99,1,
416,What is the largest planet in our solar system?,Jupiter,"Jupiter is the largest planet in our solar system, known for its Great Red Spot.","Jupiter, largest planet, solar system",NOUN,planet,easy,Saturn,NOUN,0.79,0.73,0.96,1,
417,Which of the following is a web browser?,Google Chrome,Web browsers like Google Chrome allow users to access and view websites.,"web browser, Chrome, internet",NOUN,software,easy,Mozilla Firefox,NOUN,0.67,0.59,1,1,
418,Which of the following is a web browser?,Google Chrome,Web browsers like Google Chrome allow users to access and view websites.,"web browser, Chrome, internet",NOUN,software,easy,Safari,NOUN,0.85,0.82,1,1,
419,Which of the following is a high-level programming language?,Python,Python is a popular high-level programming language known for its readability.,"Python, programming language, high level",NOUN,programming_language,easy,HTML,NOUN,0.24,0.2,0.97,0,numeric error
420,Which of the following is a relational database management system?,MySQL,MySQL is a widely used open-source relational database management system.,"MySQL, RDBMS, database",NOUN,software,medium,Redis,NOUN,0.25,0.17,0.98,0,concept mismatch
421,The SI unit of force is known as what?,Newton,"In physics, the SI unit of force is called the newton, named after Isaac Newton.","SI unit, force, newton",NOUN,unit,medium,Kelvin,NOUN,0.51,0.47,0.96,0,too unrelated
422,Which of the following is an example of an input device?,Keyboard,Input devices like keyboards allow users to send data to a computer.,"input device, keyboard, computer hardware",NOUN,hardware,easy,Scanner,NOUN,0.76,0.73,0.97,1,
423,The powerhouse of the cell is known as what?,Mitochondria,"In cell biology, mitochondria are often called the powerhouse of the cell because they generate energy.","cell, powerhouse, mitochondria",NOUN,cell_component,easy,Nucleus,NOUN,0.64,0.58,0.99,1,
424,Who is known as the Father of the Nation in India?,Mahatma Gandhi,Mahatma Gandhi is widely regarded as the Father of the Nation in India for his role in the independence movement.,"Mahatma Gandhi, Father of the Nation, India",NOUN,person,easy,Albert Einstein,NOUN,0.42,0.35,1,0,too unrelated
425,CSS is mainly used for what in web development?,Styling web pages,CSS is used to control the appearance and layout of web pages.,"CSS, styling, web design",VERB_PHRASE,technology_usage,easy,Handling user input,VERB_PHRASE,0.71,0.64,0.98,1,
426,Which of the following animals is a reptile?,Snake,"Reptiles are cold-blooded vertebrates such as snakes, lizards, and turtles.","reptile, snake, animal",NOUN,animal,easy,Turtle,NOUN,0.76,0.69,0.96,1,
427,What is the capital city of Japan?,Tokyo,Tokyo is the capital city and one of the major economic centers of Japan.,"Japan, capital, Tokyo",NOUN,place,easy,Bangkok,NOUN,0.34,0.32,0.99,0,concept mismatch
428,CSS is mainly used for what in web development?,Styling web pages,CSS is used to control the appearance and layout of web pages.,"CSS, styling, web design",VERB_PHRASE,technology_usage,easy,Handling user input,VERB_PHRASE,0.7,0.66,0.99,1,
429,Which of the following sorting algorithms has average time complexity O(n log n)?,Merge Sort,Merge Sort is a divide-and-conquer sorting algorithm with O(n log n) average time complexity.,"sorting, merge sort, algorithms",NOUN,algorithm,hard,Quick Sort,NOUN,0.84,0.8,0.97,1,
430,The branch of mathematics dealing with shapes and sizes is called what?,Geometry,Geometry is a branch of mathematics that studies the properties of shapes and spaces.,"geometry, shapes, mathematics",NOUN,academic_discipline,medium,Calculus,NOUN,0.79,0.74,1,1,
431,Which of the following sorting algorithms has average time complexity O(n log n)?,Merge Sort,Merge Sort is a divide-and-conquer sorting algorithm with O(n log n) average time complexity.,"sorting, merge sort, algorithms",NOUN,algorithm,hard,Heap Sort,NOUN,0.8,0.75,0.98,1,
432,What is the largest planet in our solar system?,Jupiter,"Jupiter is the largest planet in our solar system, known for its Great Red Spot.","Jupiter, largest planet, solar system",NOUN,planet,easy,Neptune,NOUN,0.75,0.68,0.99,1,
433,CPU is also known as the what of the computer?,Brain,The CPU is often called the brain of the computer because it performs most of the processing.,"CPU, brain, computer",NOUN,metaphor,easy,Keyboard,UNKNOWN,0.2,0.16,0.99,0,concept mismatch
434,CSS is mainly used for what in web development?,Styling web pages,CSS is used to control the appearance and layout of web pages.,"CSS, styling, web design",VERB_PHRASE,technology_usage,easy,Connecting to servers,VERB_PHRASE,0.84,0.79,0.98,1,
435,What is the capital city of Japan?,Tokyo,Tokyo is the capital city and one of the major economic centers of Japan.,"Japan, capital, Tokyo",NOUN,place,easy,Kyoto,NOUN,0.71,0.67,0.99,1,
436,The study of the stars and space is known as what?,Astronomy,"Astronomy is the scientific study of celestial objects such as stars, planets, and galaxies.","astronomy, stars, space",NOUN,academic_discipline,easy,Astrophysics,NOUN,0.64,0.61,0.96,1,
437,Earth is also known as the what planet?,Blue,Earth is often called the Blue Planet because of the vast amount of water on its surface.,"Earth, Blue Planet, nickname",ADJECTIVE,planet_nickname,easy,Home,ADJECTIVE,0.77,0.74,0.99,1,
438,The process by which green plants make their own food is called what?,Photosynthesis,Photosynthesis is the process by which green plants use sunlight to make food from carbon dioxide and water.,"photosynthesis, plants, sunlight",NOUN,scientific_process,easy,Transpiration,NOUN,0.81,0.74,0.96,1,
439,CPU stands for what?,Central Processing Unit,"CPU stands for Central Processing Unit, which performs most of the processing inside a computer.","CPU, Central Processing Unit, computer",NOUN_PHRASE,abbreviation_expansion,easy,Central Performance Unit,NOUN_PHRASE,0.8,0.74,0.97,1,
440,Which of the following is an example of a NoSQL database?,MongoDB,MongoDB is a widely used NoSQL document database.,"MongoDB, NoSQL, database",NOUN,software,medium,MySQL,NOUN,0.54,0.46,0.96,0,numeric error
441,CPU is also known as the what of the computer?,Brain,The CPU is often called the brain of the computer because it performs most of the processing.,"CPU, brain, computer",NOUN,metaphor,easy,Heart,NOUN,0.83,0.8,0.98,1,
442,Which of the following sorting algorithms has average time complexity O(n log n)?,Merge Sort,Merge Sort is a divide-and-conquer sorting algorithm with O(n log n) average time complexity.,"sorting, merge sort, algorithms",NOUN,algorithm,hard,Binary Search,NOUN,0.21,0.12,0.97,0,concept mismatch
443,The branch of mathematics dealing with shapes and sizes is called what?,Geometry,Geometry is a branch of mathematics that studies the properties of shapes and spaces.,"geometry, shapes, mathematics",NOUN,academic_discipline,medium,Trigonometry,NOUN,0.77,0.72,0.98,1,
444,Which of the following is an example of a NoSQL database?,MongoDB,MongoDB is a widely used NoSQL document database.,"MongoDB, NoSQL, database",NOUN,software,medium,Redis,NOUN,0.63,0.58,0.97,1,
445,Which of the following is a relational database management system?,MySQL,MySQL is a widely used open-source relational database management system.,"MySQL, RDBMS, database",NOUN,software,medium,PostgreSQL,NOUN,0.77,0.71,1,1,
446,Which data structure follows the Last In First Out principle?,Stack,A stack is a linear data structure that follows the Last In First Out (LIFO) principle.,"stack, LIFO, data structure",NOUN,data_structure,medium,Array,NOUN,0.74,0.7,0.99,1,
447,HTTP stands for what?,HyperText Transfer Protocol,HTTP is the protocol used for transferring web pages on the internet.,"HTTP, protocol, web",NOUN_PHRASE,abbreviation_expansion,medium,Hyper Transfer Text Protocol,NOUN_PHRASE,0.79,0.76,0.98,1,
448,Which of the following is used to uniquely identify a row in a database table?,Primary key,A primary key uniquely identifies each record in a database table.,"primary key, database, unique identifier",NOUN_PHRASE,database_concept,medium,Constraint,NOUN_PHRASE,0.41,0.41,0.96,0,numeric error
449,Which of the following is a relational database management system?,MySQL,MySQL is a widely used open-source relational database management system.,"MySQL, RDBMS, database",NOUN,software,medium,PostgreSQL,NOUN,0.75,0.71,0.96,1,
450,The process of water turning into vapor is called what?,Evaporation,Evaporation is the process by which water changes from liquid to gas.,"evaporation, water, vapor",NOUN,scientific_process,easy,Sublimation,NOUN,0.64,0.56,0.99,1,
451,What is the boiling point of pure water at sea level in degrees Celsius?,100,"At standard atmospheric pressure, pure water boils at 100 degrees Celsius.","boiling point, water, Celsius",NUM,number,easy,50,NUM,0.46,0.42,0.97,0,numeric error
452,The process of water turning into vapor is called what?,Evaporation,Evaporation is the process by which water changes from liquid to gas.,"evaporation, water, vapor",NOUN,scientific_process,easy,Sublimation,NOUN,0.84,0.77,0.99,1,
453,Which of the following sorting algorithms has average time complexity O(n log n)?,Merge Sort,Merge Sort is a divide-and-conquer sorting algorithm with O(n log n) average time complexity.,"sorting, merge sort, algorithms",NOUN,algorithm,hard,Binary Search,NOUN,0.21,0.18,0.96,0,concept mismatch
454,Which of the following is an example of an output device?,Monitor,Output devices such as monitors display information to the user.,"output device, monitor, computer hardware",NOUN,hardware,easy,Projector,NOUN,0.69,0.63,0.96,1,
455,CSS is mainly used for what in web development?,Styling web pages,CSS is used to control the appearance and layout of web pages.,"CSS, styling, web design",VERB_PHRASE,technology_usage,easy,Handling user input,VERB_PHRASE,0.83,0.77,0.99,1,
456,CPU stands for what?,Central Processing Unit,"CPU stands for Central Processing Unit, which performs most of the processing inside a computer.","CPU, Central Processing Unit, computer",NOUN_PHRASE,abbreviation_expansion,easy,Central Processor Unit,NOUN_PHRASE,0.6,0.53,0.99,1,
457,Which of the following is a cloud computing platform by Amazon?,AWS,Amazon Web Services (AWS) is a popular cloud computing platform.,"AWS, cloud computing, Amazon",NOUN,service,medium,Microsoft Azure,NOUN,0.81,0.77,1,1,
458,Which of the following is a prime number?,13,A prime number has exactly two distinct positive divisors: 1 and itself.,"prime number, 13, mathematics",NUM,number,medium,12,UNKNOWN,0.47,0.4,0.96,0,concept mismatch
459,The powerhouse of the cell is known as what?,Mitochondria,"In cell biology, mitochondria are often called the powerhouse of the cell because they generate energy.","cell, powerhouse, mitochondria",NOUN,cell_component,easy,Lung,NOUN,0.36,0.29,1,0,concept mismatch
460,CSS is mainly used for what in web development?,Styling web pages,CSS is used to control the appearance and layout of web pages.,"CSS, styling, web design",VERB_PHRASE,technology_usage,easy,Encrypting files,VERB_PHRASE,0.26,0.22,0.97,0,concept mismatch
461,The process by which green plants make their own food is called what?,Photosynthesis,Photosynthesis is the process by which green plants use sunlight to make food from carbon dioxide and water.,"photosynthesis, plants, sunlight",NOUN,scientific_process,easy,Transpiration,NOUN,0.69,0.61,1,1,
462,What is the largest planet in our solar system?,Jupiter,"Jupiter is the largest planet in our solar system, known for its Great Red Spot.","Jupiter, largest planet, solar system",NOUN,planet,easy,Earth,NOUN,0.54,0.49,0.97,0,too unrelated
463,Which data structure follows the First In First Out principle?,Queue,A queue is a linear data structure that follows the First In First Out (FIFO) principle.,"queue, FIFO, data structure",NOUN,data_structure,medium,Variable,NOUN,0.54,0.52,0.99,0,concept mismatch
464,The study of the stars and space is known as what?,Astronomy,"Astronomy is the scientific study of celestial objects such as stars, planets, and galaxies.","astronomy, stars, space",NOUN,academic_discipline,easy,Cosmology,NOUN,0.65,0.58,0.98,1,
465,Which of the following is an example of an input device?,Keyboard,Input devices like keyboards allow users to send data to a computer.,"input device, keyboard, computer hardware",NOUN,hardware,easy,Mouse,NOUN,0.67,0.63,0.97,1,
466,Which of the following is an example of a NoSQL database?,MongoDB,MongoDB is a widely used NoSQL document database.,"MongoDB, NoSQL, database",NOUN,software,medium,CouchDB,NOUN,0.7,0.66,0.98,1,
467,CSS is mainly used for what in web development?,Styling web pages,CSS is used to control the appearance and layout of web pages.,"CSS, styling, web design",VERB_PHRASE,technology_usage,easy,Storing data,VERB_PHRASE,0.49,0.43,0.97,0,numeric error
468,Which of the following is a web browser?,Google Chrome,Web browsers like Google Chrome allow users to access and view websites.,"web browser, Chrome, internet",NOUN,software,easy,Mozilla Firefox,NOUN,0.62,0.57,0.96,1,
469,Which of the following is a primary color in light?,Red,"Primary colors in light are typically red, green, and blue.","primary color, light, red",NOUN,color,easy,Brown,UNKNOWN,0.4,0.33,0.99,0,too unrelated
470,RAM in a computer is also known as what type of memory?,Volatile,RAM is called volatile memory because it loses its data when power is turned off.,"RAM, volatile memory, computer",ADJECTIVE,property,medium,Permanent,ADJECTIVE,0.27,0.21,0.96,0,concept mismatch
471,RAM in a computer is also known as what type of memory?,Volatile,RAM is called volatile memory because it loses its data when power is turned off.,"RAM, volatile memory, computer",ADJECTIVE,property,medium,Permanent,ADJECTIVE,0.45,0.37,0.98,0,concept mismatch
472,CPU is also known as the what of the computer?,Brain,The CPU is often called the brain of the computer because it performs most of the processing.,"CPU, brain, computer",NOUN,metaphor,easy,Core,NOUN,0.76,0.69,0.97,1,
473,Which of the following is an example of an input device?,Keyboard,Input devices like keyboards allow users to send data to a computer.,"input device, keyboard, computer hardware",NOUN,hardware,easy,Printer,NOUN,0.33,0.29,0.97,0,concept mismatch
474,Who is known as the Father of Computers?,Charles Babbage,Charles Babbage is often called the Father of Computers for his work on early mechanical computing devices.,"Charles Babbage, Father of Computers, history",NOUN,person,medium,John von Neumann,NOUN,0.76,0.73,0.97,1,
475,HTML is primarily used for what?,Structuring web pages,HTML is a markup language used to structure content on the web.,"HTML, web pages, markup",VERB_PHRASE,technology_usage,easy,Styling web pages,VERB_PHRASE,0.81,0.75,0.97,1,
476,Which of the following is an example of a mammal?,Dog,Mammals are warm-blooded animals that usually have hair and produce milk for their young.,"mammal, dog, animal",NOUN,animal,easy,Frog,UNKNOWN,0.3,0.28,0.99,0,concept mismatch
477,Which of the following is an example of an input device?,Keyboard,Input devices like keyboards allow users to send data to a computer.,"input device, keyboard, computer hardware",NOUN,hardware,easy,Speaker,UNKNOWN,0.41,0.4,0.99,0,numeric error
478,What is the freezing point of pure water in degrees Celsius?,0,"Under standard conditions, pure water freezes at 0 degrees Celsius.","freezing point, water, Celsius",NUM,number,easy,-5,NUM,0.7,0.63,0.99,1,
479,Which of the following animals is a reptile?,Snake,"Reptiles are cold-blooded vertebrates such as snakes, lizards, and turtles.","reptile, snake, animal",NOUN,animal,easy,Dog,NOUN,0.35,0.33,0.96,0,numeric error
480,The SI unit of force is known as what?,Newton,"In physics, the SI unit of force is called the newton, named after Isaac Newton.","SI unit, force, newton",NOUN,unit,medium,Pascal,NOUN,0.85,0.8,0.96,1,
481,The SI unit of force is known as what?,Newton,"In physics, the SI unit of force is called the newton, named after Isaac Newton.","SI unit, force, newton",NOUN,unit,medium,Watt,NOUN,0.66,0.59,0.99,1,
482,The long-term storage device inside a computer is commonly known as what?,Hard drive,A hard drive or SSD is used for long-term data storage in a computer.,"hard drive, storage, computer",NOUN,hardware,easy,Solid-state drive,NOUN,0.64,0.57,1,1,
483,Which of the following is a high-level programming language?,Python,Python is a popular high-level programming language known for its readability.,"Python, programming language, high level",NOUN,programming_language,easy,CSS,NOUN,0.26,0.16,0.98,0,numeric error
484,The study of living organisms is called what?,Biology,Biology is the branch of science that studies living organisms and life processes.,"biology, living organisms, life science",NOUN,academic_discipline,easy,Ecology,NOUN,0.74,0.72,0.99,1,
485,CPU stands for what?,Central Processing Unit,"CPU stands for Central Processing Unit, which performs most of the processing inside a computer.","CPU, Central Processing Unit, computer",NOUN_PHRASE,abbreviation_expansion,easy,Core Processing Unit,NOUN_PHRASE,0.64,0.61,0.97,1,
486,The powerhouse of the cell is known as what?,Mitochondria,"In cell biology, mitochondria are often called the powerhouse of the cell because they generate energy.","cell, powerhouse, mitochondria",NOUN,cell_component,easy,Chloroplast,NOUN,0.7,0.67,0.98,1,
487,The process of water turning into vapor is called what?,Evaporation,Evaporation is the process by which water changes from liquid to gas.,"evaporation, water, vapor",NOUN,scientific_process,easy,Condensation,NOUN,0.84,0.76,0.99,1,
488,What is the boiling point of pure water at sea level in degrees Celsius?,100,"At standard atmospheric pressure, pure water boils at 100 degrees Celsius.","boiling point, water, Celsius",NUM,number,easy,95,NUM,0.69,0.65,0.99,1,
489,The branch of mathematics dealing with shapes and sizes is called what?,Geometry,Geometry is a branch of mathematics that studies the properties of shapes and spaces.,"geometry, shapes, mathematics",NOUN,academic_discipline,medium,Biology,NOUN,0.21,0.18,0.97,0,numeric error
490,Which of the following is a cloud computing platform by Amazon?,AWS,Amazon Web Services (AWS) is a popular cloud computing platform.,"AWS, cloud computing, Amazon",NOUN,service,medium,Google Cloud,NOUN,0.76,0.7,0.99,1,
491,CSS is mainly used for what in web development?,Styling web pages,CSS is used to control the appearance and layout of web pages.,"CSS, styling, web design",VERB_PHRASE,technology_usage,easy,Connecting to servers,VERB_PHRASE,0.63,0.57,0.99,1,
492,The device that connects a local network to the internet is called what?,Router,A router forwards data packets between computer networks and connects to the internet.,"router, network, internet",NOUN,hardware,medium,Gateway,NOUN,0.8,0.76,1,1,
493,Which of the following is a cloud computing platform by Amazon?,AWS,Amazon Web Services (AWS) is a popular cloud computing platform.,"AWS, cloud computing, Amazon",NOUN,service,medium,Docker,NOUN,0.24,0.21,0.97,0,too unrelated
494,RAM in a computer is also known as what type of memory?,Volatile,RAM is called volatile memory because it loses its data when power is turned off.,"RAM, volatile memory, computer",ADJECTIVE,property,medium,External,UNKNOWN,0.38,0.32,0.97,0,numeric error
495,Which layer of the OSI model is responsible for routing packets?,Network layer,The network layer is responsible for routing packets between devices in different networks.,"OSI model, network layer, routing",NOUN_PHRASE,networking_layer,hard,Data link layer,NOUN_PHRASE,0.66,0.58,1,1,
496,CSS is mainly used for what in web development?,Styling web pages,CSS is used to control the appearance and layout of web pages.,"CSS, styling, web design",VERB_PHRASE,technology_usage,easy,Storing data,VERB_PHRASE,0.48,0.39,1,0,concept mismatch
497,The study of living organisms is called what?,Biology,Biology is the branch of science that studies living organisms and life processes.,"biology, living organisms, life science",NOUN,academic_discipline,easy,Ecology,NOUN,0.81,0.73,0.98,1,
498,Which of the following is a primary color in light?,Red,"Primary colors in light are typically red, green, and blue.","primary color, light, red",NOUN,color,easy,Brown,UNKNOWN,0.34,0.26,0.97,0,too unrelated
499,What is the largest planet in our solar system?,Jupiter,"Jupiter is the largest planet in our solar system, known for its Great Red Spot.","Jupiter, largest planet, solar system",NOUN,planet,easy,Saturn,NOUN,0.66,0.61,0.99,1,
500,Which of the following is an operating system?,Windows,Operating systems like Windows manage computer hardware and software resources.,"operating system, Windows, software",NOUN,software,easy,Linux,NOUN,0.74,0.66,0.97,1,
